{"version":"0.4","title":"Business 82","type":"page","content":[{"id":"1a7a65a1","settings":{"background_color":"#272343","background_color_b":"","background_overlay_repeat":"no-repeat","background_overlay_size":"cover","background_overlay_opacity":{"unit":"px","size":0.1,"sizes":[]},"background_background":"classic","background_gradient_angle":{"unit":"deg","size":120,"sizes":[]},"content_position":"middle","background_overlay_position":"center center","shape_divider_bottom_color":"#FFFFFF","shape_divider_bottom_width":{"unit":"%","size":100,"sizes":[]},"background_overlay_background":"classic","shape_divider_bottom":"tilt","shape_divider_bottom_height":{"unit":"px","size":50,"sizes":[]},"background_overlay_image":{"url":"https:\/\/elementor.landfoster.co\/wp-content\/uploads\/2020\/03\/markus-spiske-UCbMZ0S-w28-unsplash.jpg","id":966},"shape_divider_bottom_negative":"yes"},"elements":[{"id":"4e60df5d","settings":{"_column_size":100,"_inline_size":null},"elements":[{"id":"7b368111","settings":[],"elements":[],"isInner":false,"widgetType":"spacer","elType":"widget"},{"id":"200ce0f2","settings":{"margin_mobile":{"unit":"px","top":"40","right":0,"bottom":"0","left":0,"isLinked":false},"content_width":{"unit":"px","size":900,"sizes":[]}},"elements":[{"id":"58277624","settings":{"_column_size":100,"_inline_size":null,"content_position":"center","align":"center","space_between_widgets":0},"elements":[{"id":"5c76633d","settings":{"title":"Ini Yang Kamu Cari!","typography_typography":"custom","typography_font_family":"Poppins","title_color":"#FFFFFF","typography_font_size":{"unit":"px","size":26,"sizes":[]},"typography_line_height":{"unit":"em","size":1.2,"sizes":[]},"align_mobile":"center","typography_line_height_mobile":{"unit":"em","size":1.2,"sizes":[]},"align":"center","typography_font_size_mobile":{"unit":"px","size":24,"sizes":[]}},"elements":[],"isInner":false,"widgetType":"heading","elType":"widget"},{"id":"2eb91375","settings":{"title":"Baju Dress Terbaru dan Terupdate Dengan Desain Kekinian Yang Bisa Kamu Dapatkan Dengan Harga Terjangkau Disini","typography_typography":"custom","typography_font_family":"Poppins","title_color":"#FCC169","typography_font_size":{"unit":"px","size":36,"sizes":[]},"typography_line_height":{"unit":"em","size":1.2,"sizes":[]},"align_mobile":"center","typography_line_height_mobile":{"unit":"em","size":1.2,"sizes":[]},"align":"center","typography_font_size_mobile":{"unit":"px","size":30,"sizes":[]}},"elements":[],"isInner":false,"widgetType":"heading","elType":"widget"}],"isInner":true,"elType":"column"}],"isInner":true,"elType":"section"},{"id":"3af61eb","settings":{"margin_mobile":{"unit":"px","top":"40","right":0,"bottom":"0","left":0,"isLinked":false},"content_width":{"unit":"px","size":700,"sizes":[]},"margin":{"unit":"px","top":"20","right":0,"bottom":"20","left":0,"isLinked":true}},"elements":[{"id":"7aec0f5f","settings":{"_column_size":100,"_inline_size":null,"content_position":"center","align":"center","space_between_widgets":0},"elements":[{"id":"32816250","settings":{"editor":"<p>Lorem ipsum dolor sit amet, consectetur adipisicing elit, sed do eiusmod tempor incididunt ut labore et dolore magna aliqua. Ut enim ad minim veniam, quis nostrud exercitation ullamco laboris nisi ut aliquip ex ea commodo consequat<\/p>","typography_typography":"custom","typography_font_family":"Roboto","text_color":"#FFFFFF","align_mobile":"center","align":"center","_margin":{"unit":"px","top":"0","right":"0","bottom":"0","left":"0","isLinked":false}},"elements":[],"isInner":false,"widgetType":"text-editor","elType":"widget"},{"id":"38dba9e0","settings":{"text":"Beli Sekarang Juga!","link":{"url":"#info","is_external":"","nofollow":""},"size":"md","selected_icon":{"value":"fas fa-external-link-alt","library":"fa-solid"},"icon_indent":{"unit":"px","size":10,"sizes":[]},"typography_typography":"custom","typography_font_family":"Roboto","typography_font_size":{"unit":"px","size":16,"sizes":[]},"typography_font_weight":"bold","background_color":"#FFFFFF","border_radius":{"unit":"px","top":"3","right":"3","bottom":"3","left":"3","isLinked":true},"button_box_shadow_box_shadow_type":"yes","button_box_shadow_box_shadow":{"horizontal":3,"vertical":3,"blur":0,"spread":1,"color":"#FCC169"},"text_padding":{"unit":"px","top":"20","right":"50","bottom":"20","left":"50","isLinked":false},"align_mobile":"center","align":"center","button_text_color":"#272343","_margin":{"unit":"px","top":"30","right":"0","bottom":"0","left":"0","isLinked":false}},"elements":[],"isInner":false,"widgetType":"button","elType":"widget"}],"isInner":true,"elType":"column"}],"isInner":true,"elType":"section"},{"id":"4023e3b0","settings":{"space":{"unit":"px","size":200,"sizes":[]},"space_mobile":{"unit":"px","size":70,"sizes":[]}},"elements":[],"isInner":false,"widgetType":"spacer","elType":"widget"}],"isInner":false,"elType":"column"}],"isInner":false,"elType":"section"},{"id":"1c14eacb","settings":{"background_background":"classic","background_color":"#FFFFFF"},"elements":[{"id":"224807ec","settings":{"_column_size":100},"elements":[{"id":"d312ad3","settings":{"space_mobile":{"unit":"px","size":10,"sizes":[]}},"elements":[],"isInner":false,"widgetType":"spacer","elType":"widget"},{"id":"5c817c89","settings":{"margin_mobile":{"unit":"px","top":"40","right":0,"bottom":"0","left":0,"isLinked":false},"margin":{"unit":"px","top":"-250","right":0,"bottom":"0","left":0,"isLinked":false},"content_width":{"unit":"px","size":900,"sizes":[]}},"elements":[{"id":"42d4ef6e","settings":{"_column_size":100,"_inline_size":null,"content_position":"center","align":"center","space_between_widgets":0,"background_background":"classic","background_color":"#FFFFFF","border_radius":{"unit":"px","top":"3","right":"3","bottom":"3","left":"3","isLinked":true}},"elements":[{"id":"49604c40","settings":{"carousel":[{"id":1111,"url":"https:\/\/elementor.landfoster.co\/wp-content\/uploads\/2020\/03\/Dress-1.jpg"},{"id":1112,"url":"https:\/\/elementor.landfoster.co\/wp-content\/uploads\/2020\/03\/Dress-2.jpg"},{"id":1113,"url":"https:\/\/elementor.landfoster.co\/wp-content\/uploads\/2020\/03\/Dress-3.jpg"},{"id":1114,"url":"https:\/\/elementor.landfoster.co\/wp-content\/uploads\/2020\/03\/Dress-4.jpg"}],"thumbnail_size":"full","slides_to_show":"3","image_spacing":"custom","image_spacing_custom":{"unit":"px","size":10,"sizes":[]},"image_border_radius":{"unit":"px","top":"3","right":"3","bottom":"3","left":"3","isLinked":true}},"elements":[],"isInner":false,"widgetType":"image-carousel","elType":"widget"}],"isInner":true,"elType":"column"}],"isInner":true,"elType":"section"},{"id":"55b2801e","settings":{"anchor":"info"},"elements":[],"isInner":false,"widgetType":"menu-anchor","elType":"widget"},{"id":"15a6f790","settings":[],"elements":[],"isInner":false,"widgetType":"spacer","elType":"widget"},{"id":"3ad6c55a","settings":{"margin":{"unit":"px","top":"0","right":0,"bottom":"0","left":0,"isLinked":false}},"elements":[{"id":"27e29c15","settings":{"_column_size":100,"_inline_size":null,"content_position":"center","align":"center","space_between_widgets":3},"elements":[{"id":"68828d1c","settings":{"title":"Hampir Semua Customer Kami","align":"center","title_color":"#FCC169","typography_typography":"custom","typography_font_family":"Poppins","typography_font_size":{"unit":"px","size":24,"sizes":[]},"typography_line_height":{"unit":"em","size":1.2,"sizes":[]},"typography_line_height_mobile":{"unit":"em","size":1.2,"sizes":[]},"typography_font_size_mobile":{"unit":"px","size":18,"sizes":[]}},"elements":[],"isInner":false,"widgetType":"heading","elType":"widget"},{"id":"77cef30c","settings":{"title":"Merasa Puas Belanja di Toko Online Kami","align":"center","title_color":"#272343","typography_typography":"custom","typography_font_family":"Poppins","typography_font_size":{"unit":"px","size":30,"sizes":[]},"typography_line_height":{"unit":"em","size":1.2,"sizes":[]},"typography_line_height_mobile":{"unit":"em","size":1.2,"sizes":[]},"typography_font_size_mobile":{"unit":"px","size":26,"sizes":[]}},"elements":[],"isInner":false,"widgetType":"heading","elType":"widget"}],"isInner":true,"elType":"column"}],"isInner":true,"elType":"section"},{"id":"6910f7a3","settings":{"align":"center","text_color":"#54595F","typography_typography":"custom","typography_font_family":"Roboto","typography_font_size":{"unit":"px","size":16,"sizes":[]},"editor":"<p>Lorem ipsum dolor sit amet, consectetur adipiscing elit. Ut elit tellus, luctus nec ullamcorper mattis, pulvinar dapibus leo.<\/p>"},"elements":[],"isInner":false,"widgetType":"text-editor","elType":"widget"},{"id":"2b8e24b2","settings":{"structure":"20","content_width":{"unit":"px","size":800,"sizes":[]}},"elements":[{"id":"489c0a03","settings":{"_column_size":50,"_inline_size":null,"background_background":"classic","background_color":"#E3F6F5","background_overlay_background":"classic","background_overlay_position":"top left","background_overlay_repeat":"no-repeat","background_overlay_size":"initial","background_overlay_bg_width":{"unit":"%","size":23,"sizes":[]},"border_radius":{"unit":"px","top":"5","right":"5","bottom":"5","left":"5","isLinked":true},"box_shadow_box_shadow_type":"yes","box_shadow_box_shadow":{"horizontal":0,"vertical":0,"blur":10,"spread":0,"color":"#fbfbfb"},"margin":{"unit":"px","top":"5","right":"5","bottom":"5","left":"5","isLinked":true},"padding":{"unit":"px","top":"20","right":"20","bottom":"20","left":"20","isLinked":true},"content_position":"center","align":"center"},"elements":[{"id":"1cc7888c","settings":{"testimonial_content":"Lorem ipsum dolor sit amet, consectetur adipiscing elit. Ut elit tellus, luctus nec ullamcorper mattis, pulvinar dapibus leo.","testimonial_name":"Dilan Milea","testimonial_job":"Pelanggan Setia","content_content_color":"#54595F","content_typography_typography":"custom","content_typography_font_family":"Roboto","content_typography_font_size":{"unit":"px","size":14,"sizes":[]},"content_typography_font_style":"italic","name_text_color":"#272343","name_typography_typography":"custom","name_typography_font_family":"Poppins","name_typography_font_size":{"unit":"px","size":16,"sizes":[]},"job_text_color":"#54595F","job_typography_typography":"custom","job_typography_font_family":"Roboto","job_typography_font_size":{"unit":"px","size":12,"sizes":[]},"_background_background":"classic","_background_position":"center right","_background_repeat":"no-repeat","_background_size":"initial","_background_bg_width":{"unit":"%","size":16,"sizes":[]},"testimonial_image":{"id":203,"url":"https:\/\/elementor.landfoster.co\/wp-content\/uploads\/2020\/02\/joanna-nix-h2pnXHMz8YM-unsplash.jpg"}},"elements":[],"isInner":false,"widgetType":"testimonial","elType":"widget"}],"isInner":true,"elType":"column"},{"id":"6bd1ecbb","settings":{"_column_size":50,"_inline_size":null,"background_background":"classic","background_color":"#E3F6F5","background_overlay_background":"classic","background_overlay_position":"top left","background_overlay_repeat":"no-repeat","background_overlay_size":"initial","background_overlay_bg_width":{"unit":"%","size":23,"sizes":[]},"border_radius":{"unit":"px","top":"5","right":"5","bottom":"5","left":"5","isLinked":true},"box_shadow_box_shadow_type":"yes","box_shadow_box_shadow":{"horizontal":0,"vertical":0,"blur":10,"spread":0,"color":"#fbfbfb"},"margin":{"unit":"px","top":"5","right":"5","bottom":"5","left":"5","isLinked":true},"padding":{"unit":"px","top":"20","right":"20","bottom":"20","left":"20","isLinked":true},"content_position":"center","align":"center"},"elements":[{"id":"2e9ea3a2","settings":{"testimonial_content":"Lorem ipsum dolor sit amet, consectetur adipiscing elit. Ut elit tellus, luctus nec ullamcorper mattis, pulvinar dapibus leo.","testimonial_name":"Dilan Milea","testimonial_job":"Pelanggan Setia","content_content_color":"#54595F","content_typography_typography":"custom","content_typography_font_family":"Roboto","content_typography_font_size":{"unit":"px","size":14,"sizes":[]},"content_typography_font_style":"italic","name_text_color":"#272343","name_typography_typography":"custom","name_typography_font_family":"Poppins","name_typography_font_size":{"unit":"px","size":16,"sizes":[]},"job_text_color":"#54595F","job_typography_typography":"custom","job_typography_font_family":"Roboto","job_typography_font_size":{"unit":"px","size":12,"sizes":[]},"_background_background":"classic","_background_position":"center right","_background_repeat":"no-repeat","_background_size":"initial","_background_bg_width":{"unit":"%","size":16,"sizes":[]},"testimonial_image":{"id":203,"url":"https:\/\/elementor.landfoster.co\/wp-content\/uploads\/2020\/02\/joanna-nix-h2pnXHMz8YM-unsplash.jpg"}},"elements":[],"isInner":false,"widgetType":"testimonial","elType":"widget"}],"isInner":true,"elType":"column"}],"isInner":true,"elType":"section"},{"id":"10cdbe47","settings":{"structure":"20","content_width":{"unit":"px","size":800,"sizes":[]}},"elements":[{"id":"514d614c","settings":{"_column_size":50,"_inline_size":null,"background_background":"classic","background_color":"#E3F6F5","background_overlay_background":"classic","background_overlay_position":"top left","background_overlay_repeat":"no-repeat","background_overlay_size":"initial","background_overlay_bg_width":{"unit":"%","size":23,"sizes":[]},"border_radius":{"unit":"px","top":"5","right":"5","bottom":"5","left":"5","isLinked":true},"box_shadow_box_shadow_type":"yes","box_shadow_box_shadow":{"horizontal":0,"vertical":0,"blur":10,"spread":0,"color":"#fbfbfb"},"margin":{"unit":"px","top":"5","right":"5","bottom":"5","left":"5","isLinked":true},"padding":{"unit":"px","top":"20","right":"20","bottom":"20","left":"20","isLinked":true},"content_position":"center","align":"center"},"elements":[{"id":"2925894e","settings":{"testimonial_content":"Lorem ipsum dolor sit amet, consectetur adipiscing elit. Ut elit tellus, luctus nec ullamcorper mattis, pulvinar dapibus leo.","testimonial_name":"Dilan Milea","testimonial_job":"Pelanggan Setia","content_content_color":"#54595F","content_typography_typography":"custom","content_typography_font_family":"Roboto","content_typography_font_size":{"unit":"px","size":14,"sizes":[]},"content_typography_font_style":"italic","name_text_color":"#272343","name_typography_typography":"custom","name_typography_font_family":"Poppins","name_typography_font_size":{"unit":"px","size":16,"sizes":[]},"job_text_color":"#54595F","job_typography_typography":"custom","job_typography_font_family":"Roboto","job_typography_font_size":{"unit":"px","size":12,"sizes":[]},"_background_background":"classic","_background_position":"center right","_background_repeat":"no-repeat","_background_size":"initial","_background_bg_width":{"unit":"%","size":16,"sizes":[]},"testimonial_image":{"id":203,"url":"https:\/\/elementor.landfoster.co\/wp-content\/uploads\/2020\/02\/joanna-nix-h2pnXHMz8YM-unsplash.jpg"}},"elements":[],"isInner":false,"widgetType":"testimonial","elType":"widget"}],"isInner":true,"elType":"column"},{"id":"398b661d","settings":{"_column_size":50,"_inline_size":null,"background_background":"classic","background_color":"#E3F6F5","background_overlay_background":"classic","background_overlay_position":"top left","background_overlay_repeat":"no-repeat","background_overlay_size":"initial","background_overlay_bg_width":{"unit":"%","size":23,"sizes":[]},"border_radius":{"unit":"px","top":"5","right":"5","bottom":"5","left":"5","isLinked":true},"box_shadow_box_shadow_type":"yes","box_shadow_box_shadow":{"horizontal":0,"vertical":0,"blur":10,"spread":0,"color":"#fbfbfb"},"margin":{"unit":"px","top":"5","right":"5","bottom":"5","left":"5","isLinked":true},"padding":{"unit":"px","top":"20","right":"20","bottom":"20","left":"20","isLinked":true},"content_position":"center","align":"center"},"elements":[{"id":"422d1703","settings":{"testimonial_content":"Lorem ipsum dolor sit amet, consectetur adipiscing elit. Ut elit tellus, luctus nec ullamcorper mattis, pulvinar dapibus leo.","testimonial_name":"Dilan Milea","testimonial_job":"Pelanggan Setia","content_content_color":"#54595F","content_typography_typography":"custom","content_typography_font_family":"Roboto","content_typography_font_size":{"unit":"px","size":14,"sizes":[]},"content_typography_font_style":"italic","name_text_color":"#272343","name_typography_typography":"custom","name_typography_font_family":"Poppins","name_typography_font_size":{"unit":"px","size":16,"sizes":[]},"job_text_color":"#54595F","job_typography_typography":"custom","job_typography_font_family":"Roboto","job_typography_font_size":{"unit":"px","size":12,"sizes":[]},"_background_background":"classic","_background_position":"center right","_background_repeat":"no-repeat","_background_size":"initial","_background_bg_width":{"unit":"%","size":16,"sizes":[]},"testimonial_image":{"id":203,"url":"https:\/\/elementor.landfoster.co\/wp-content\/uploads\/2020\/02\/joanna-nix-h2pnXHMz8YM-unsplash.jpg"}},"elements":[],"isInner":false,"widgetType":"testimonial","elType":"widget"}],"isInner":true,"elType":"column"}],"isInner":true,"elType":"section"},{"id":"5a83be05","settings":[],"elements":[],"isInner":false,"widgetType":"spacer","elType":"widget"}],"isInner":false,"elType":"column"}],"isInner":false,"elType":"section"},{"id":"722c4b81","settings":{"background_background":"classic","background_color":"#F9FCFB","background_overlay_background":"classic","background_overlay_position":"center center","background_overlay_repeat":"no-repeat","background_overlay_size":"cover","background_overlay_opacity":{"unit":"px","size":1,"sizes":[]}},"elements":[{"id":"210539d4","settings":{"_column_size":100},"elements":[{"id":"d5bce10","settings":{"space_mobile":{"unit":"px","size":10,"sizes":[]}},"elements":[],"isInner":false,"widgetType":"spacer","elType":"widget"},{"id":"27f5a","settings":{"content_position":"middle","structure":"20"},"elements":[{"id":"2885eeb1","settings":{"_column_size":50,"_inline_size":null,"margin":{"unit":"px","top":"10","right":"10","bottom":"10","left":"10","isLinked":true}},"elements":[{"id":"162fe498","settings":{"editor":"<p>Apakah Ini Masalah <span style=\"color: #fcc169;\"><strong>Yang Selalu Anda Alami<\/strong> <\/span>Setiap Kali Mencari Baju Dress Kesukaan Kamu?<\/p>","align_mobile":"center","text_color":"#272343","typography_typography":"custom","typography_font_family":"Poppins","typography_font_size":{"unit":"px","size":26,"sizes":[]},"typography_font_weight":"600","typography_font_size_mobile":{"unit":"px","size":26,"sizes":[]}},"elements":[],"isInner":false,"widgetType":"text-editor","elType":"widget"},{"id":"20b695d","settings":{"typography_typography":"custom","typography_font_family":"Roboto","text_color":"#7a7a7a","typography_font_size":{"unit":"px","size":16,"sizes":[]},"editor":"<p>Lorem ipsum dolor sit amet, consectetur adipisicing elit, sed do eiusmod tempor incididunt ut labore et dolore magna aliqua. Ut enim ad minim veniam, quis nostrud exercitation ullamco laboris nisi ut aliquip ex ea commodo consequat.<\/p>","align":"justify","align_mobile":"center"},"elements":[],"isInner":false,"widgetType":"text-editor","elType":"widget"},{"id":"76909233","settings":{"icon_list":[{"text":"Masalah 1 Lorem ipsum dolor sit amet, consectetur adipisicing elit, sed do eiusmod tempor incididunt ut labore et dolore magna aliqua.","selected_icon":{"value":"fas fa-chevron-circle-right","library":"fa-solid"},"_id":"94303a1","link":{"url":"","is_external":"","nofollow":""}},{"text":"Masalah 2 Lorem ipsum dolor sit amet, consectetur adipisicing elit, sed do eiusmod tempor incididunt ut labore et dolore magna aliqua.","selected_icon":{"value":"fas fa-chevron-circle-right","library":"fa-solid"},"link":{"url":"","is_external":"","nofollow":""},"_id":"cb66ffc"},{"text":"Masalah 3 Lorem ipsum dolor sit amet, consectetur adipisicing elit, sed do eiusmod tempor incididunt ut labore et dolore magna aliqua.","selected_icon":{"value":"fas fa-chevron-circle-right","library":"fa-solid"},"link":{"url":"","is_external":"","nofollow":""},"_id":"d937156"},{"text":"Masalah 4 Lorem ipsum dolor sit amet, consectetur adipisicing elit, sed do eiusmod tempor incididunt ut labore et dolore magna aliqua.","selected_icon":{"value":"fas fa-chevron-circle-right","library":"fa-solid"},"link":{"url":"","is_external":"","nofollow":""},"_id":"c9195c2"},{"text":"Masalah 5 Lorem ipsum dolor sit amet, consectetur adipisicing elit, sed do eiusmod tempor incididunt ut labore et dolore magna aliqua.","selected_icon":{"value":"fas fa-chevron-circle-right","library":"fa-solid"},"link":{"url":"","is_external":"","nofollow":""},"_id":"1681db8"}],"space_between":{"unit":"px","size":20,"sizes":[]},"icon_color":"#BAE8E8","icon_size":{"unit":"px","size":20,"sizes":[]},"text_color":"#7A7A7A","text_indent":{"unit":"px","size":10,"sizes":[]},"icon_typography_typography":"custom","icon_typography_font_family":"Roboto","icon_typography_font_size":{"unit":"px","size":16,"sizes":[]},"divider":"yes","divider_style":"dotted","divider_color":"rgba(122, 122, 122, 0.18823529411764706)"},"elements":[],"isInner":false,"widgetType":"icon-list","elType":"widget"}],"isInner":true,"elType":"column"},{"id":"38cd35aa","settings":{"_column_size":50,"_inline_size":null,"content_position":"center","align":"center","background_background":"classic","background_overlay_background":"classic","background_overlay_position":"center center","background_overlay_repeat":"no-repeat","background_overlay_size":"contain","background_overlay_opacity":{"unit":"px","size":0.05,"sizes":[]},"margin":{"unit":"px","top":"10","right":"10","bottom":"10","left":"10","isLinked":true}},"elements":[{"id":"5818789d","settings":{"image":{"id":1111,"url":"https:\/\/elementor.landfoster.co\/wp-content\/uploads\/2020\/03\/Dress-1.jpg"},"image_border_radius":{"unit":"px","top":"3","right":"3","bottom":"3","left":"3","isLinked":true}},"elements":[],"isInner":false,"widgetType":"image","elType":"widget"}],"isInner":true,"elType":"column"}],"isInner":true,"elType":"section"},{"id":"3a38cbe7","settings":{"space":{"unit":"px","size":30,"sizes":[]}},"elements":[],"isInner":false,"widgetType":"spacer","elType":"widget"},{"id":"4d67225","settings":{"content_width":{"unit":"px","size":900,"sizes":[]}},"elements":[{"id":"301badec","settings":{"_column_size":100,"_inline_size":null},"elements":[{"id":"7c70c5b6","settings":{"editor":"<p>Kabar Baiknya ...<\/p>","align_mobile":"center","text_color":"#272343","typography_typography":"custom","typography_font_family":"Poppins","typography_font_size":{"unit":"px","size":26,"sizes":[]},"typography_font_weight":"600","typography_font_size_mobile":{"unit":"px","size":30,"sizes":[]},"align":"center"},"elements":[],"isInner":false,"widgetType":"text-editor","elType":"widget"},{"id":"673e298e","settings":{"typography_typography":"custom","typography_font_family":"Roboto","text_color":"#7a7a7a","typography_font_size":{"unit":"px","size":16,"sizes":[]},"editor":"<p>Lorem ipsum dolor sit amet, consectetur adipisicing elit, sed do eiusmod tempor incididunt ut labore et dolore magna aliqua. Ut enim ad minim veniam, quis nostrud exercitation ullamco laboris nisi ut aliquip ex ea commodo consequat. Duis aute irure dolor in reprehenderit in voluptate velit esse cillum dolore eu fugiat nulla pariatur. Excepteur sint occaecat cupidatat non proident, sunt in culpa qui officia deserunt mollit anim id est laborum.<\/p>","align":"center","align_mobile":"center"},"elements":[],"isInner":false,"widgetType":"text-editor","elType":"widget"}],"isInner":true,"elType":"column"}],"isInner":true,"elType":"section"},{"id":"7d4fedab","settings":[],"elements":[],"isInner":false,"widgetType":"spacer","elType":"widget"}],"isInner":false,"elType":"column"}],"isInner":false,"elType":"section"},{"id":"2919c578","settings":{"background_background":"classic","background_color":"#272343","background_overlay_background":"classic","background_overlay_position":"center center","background_overlay_size":"cover","background_color_b":"","background_overlay_repeat":"no-repeat","shape_divider_bottom":"tilt","shape_divider_bottom_width":{"unit":"%","size":100,"sizes":[]},"shape_divider_bottom_height":{"unit":"px","size":50,"sizes":[]},"shape_divider_bottom_negative":"yes","content_position":"middle","background_gradient_angle":{"unit":"deg","size":120,"sizes":[]},"background_overlay_image":{"url":"https:\/\/elementor.landfoster.co\/wp-content\/uploads\/2020\/03\/markus-spiske-UCbMZ0S-w28-unsplash.jpg","id":966},"background_overlay_opacity":{"unit":"px","size":0.1,"sizes":[]},"shape_divider_bottom_color":"#F9FCFB"},"elements":[{"id":"71583b0e","settings":{"_column_size":100},"elements":[{"id":"74652e28","settings":{"anchor":"beli"},"elements":[],"isInner":false,"widgetType":"menu-anchor","elType":"widget"},{"id":"768f9591","settings":[],"elements":[],"isInner":false,"widgetType":"spacer","elType":"widget"},{"id":"3e48e095","settings":{"align":"center","text_color":"#E3F6F5","typography_typography":"custom","typography_font_family":"Roboto","typography_font_size":{"unit":"px","size":16,"sizes":[]},"editor":"<p>Mempersembahkan<\/p>"},"elements":[],"isInner":false,"widgetType":"text-editor","elType":"widget"},{"id":"29d3b7a4","settings":{"title":"Baju Dress Wanita Terbaru","align":"center","typography_typography":"custom","typography_font_family":"Poppins","title_color":"#FFFFFF","typography_font_size":{"unit":"px","size":50,"sizes":[]},"align_mobile":"center","typography_line_height":{"unit":"em","size":1.2,"sizes":[]},"typography_line_height_mobile":{"unit":"em","size":1.2,"sizes":[]},"typography_font_size_mobile":{"unit":"px","size":30,"sizes":[]}},"elements":[],"isInner":false,"widgetType":"heading","elType":"widget"},{"id":"7e70fd9c","settings":{"align":"center","text_color":"#E3F6F5","typography_typography":"custom","typography_font_family":"Roboto","typography_font_size":{"unit":"px","size":16,"sizes":[]}},"elements":[],"isInner":false,"widgetType":"text-editor","elType":"widget"},{"id":"5a12944e","settings":{"margin":{"unit":"px","top":"20","right":0,"bottom":"20","left":0,"isLinked":true},"content_width":{"unit":"px","size":800,"sizes":[]}},"elements":[{"id":"876983a","settings":{"_column_size":100,"_inline_size":null,"content_position":"center","align":"center","background_background":"classic","background_color":"#FFFFFF","border_radius":{"unit":"px","top":"5","right":"5","bottom":"5","left":"5","isLinked":true},"margin":{"unit":"px","top":"10","right":"10","bottom":"10","left":"10","isLinked":true},"padding":{"unit":"px","top":"30","right":"30","bottom":"30","left":"30","isLinked":true},"space_between_widgets":0,"margin_mobile":{"unit":"px","top":"5","right":"5","bottom":"5","left":"5","isLinked":true}},"elements":[{"id":"357866f3","settings":{"space_mobile":{"unit":"px","size":10,"sizes":[]},"space":{"unit":"px","size":10,"sizes":[]}},"elements":[],"isInner":false,"widgetType":"spacer","elType":"widget"},{"id":"3654381b","settings":{"title":"Baju Dress Wanita Terbaru","align":"center","title_color":"#FCC169","typography_typography":"custom","typography_font_family":"Poppins","typography_font_size":{"unit":"px","size":22,"sizes":[]},"typography_line_height":{"unit":"em","size":1.2,"sizes":[]},"typography_line_height_mobile":{"unit":"em","size":1.2,"sizes":[]},"typography_font_size_mobile":{"unit":"px","size":18,"sizes":[]}},"elements":[],"isInner":false,"widgetType":"heading","elType":"widget"},{"id":"3f735e0d","settings":{"title":"Dress Wanita Merk XYZ","align":"center","title_color":"#272343","typography_typography":"custom","typography_font_family":"Poppins","typography_font_size":{"unit":"px","size":30,"sizes":[]},"typography_line_height":{"unit":"em","size":1.2,"sizes":[]},"typography_line_height_mobile":{"unit":"em","size":1.2,"sizes":[]},"typography_font_size_mobile":{"unit":"px","size":30,"sizes":[]}},"elements":[],"isInner":false,"widgetType":"heading","elType":"widget"},{"id":"64f09749","settings":{"align":"center","text_color":"#54595F","typography_typography":"custom","typography_font_family":"Roboto","typography_font_size":{"unit":"px","size":16,"sizes":[]},"editor":"<p>Lorem ipsum dolor sit amet, consectetur adipisicing elit, sed do eiusmod tempor incididunt ut labore et dolore magna aliqua. Ut enim ad minim veniam, quis nostrud exercitation ullamco laboris nisi ut aliquip ex ea commodo consequat.<\/p>","_margin":{"unit":"px","top":"10","right":"0","bottom":"20","left":"0","isLinked":false}},"elements":[],"isInner":false,"widgetType":"text-editor","elType":"widget"},{"id":"1ddef3eb","settings":{"carousel":[{"id":1114,"url":"https:\/\/elementor.landfoster.co\/wp-content\/uploads\/2020\/03\/Dress-4.jpg"},{"id":1113,"url":"https:\/\/elementor.landfoster.co\/wp-content\/uploads\/2020\/03\/Dress-3.jpg"},{"id":1112,"url":"https:\/\/elementor.landfoster.co\/wp-content\/uploads\/2020\/03\/Dress-2.jpg"},{"id":1111,"url":"https:\/\/elementor.landfoster.co\/wp-content\/uploads\/2020\/03\/Dress-1.jpg"}],"thumbnail_size":"full","slides_to_show":"3","image_border_radius":{"unit":"px","top":"3","right":"3","bottom":"3","left":"3","isLinked":true},"_box_shadow_box_shadow_type":"yes","_box_shadow_box_shadow":{"horizontal":0,"vertical":0,"blur":"","spread":0,"color":"rgba(0,0,0,0.5)"},"image_spacing":"custom","image_spacing_custom":{"unit":"px","size":5,"sizes":[]},"_margin":{"unit":"px","top":"20","right":"0","bottom":"20","left":"0","isLinked":false}},"elements":[],"isInner":false,"widgetType":"image-carousel","elType":"widget"},{"id":"2223fa87","settings":{"icon_list":[{"text":"Lorem ipsum dolor sit amet, consectetur adipiscing elit.","selected_icon":{"value":"fas fa-check-circle","library":"fa-solid"},"link":{"url":"","is_external":"","nofollow":""},"_id":"ca855f2"},{"text":"Lorem ipsum dolor sit amet, consectetur adipiscing elit.","selected_icon":{"value":"fas fa-check-circle","library":"fa-solid"},"link":{"url":"","is_external":"","nofollow":""},"_id":"4dc9f95"},{"text":"Lorem ipsum dolor sit amet, consectetur adipiscing elit.","selected_icon":{"value":"fas fa-check-circle","library":"fa-solid"},"link":{"url":"","is_external":"","nofollow":""},"_id":"17332f9"},{"text":"Lorem ipsum dolor sit amet, consectetur adipiscing elit.","selected_icon":{"value":"fas fa-check-circle","library":"fa-solid"},"link":{"url":"","is_external":"","nofollow":""},"_id":"92a9c8c"},{"text":"Lorem ipsum dolor sit amet, consectetur adipiscing elit.","selected_icon":{"value":"fas fa-check-circle","library":"fa-solid"},"link":{"url":"","is_external":"","nofollow":""},"_id":"c7c8068"}],"space_between":{"unit":"px","size":20,"sizes":[]},"icon_typography_typography":"custom","icon_typography_font_family":"Roboto","icon_color":"#BAE8E8","icon_size":{"unit":"px","size":20,"sizes":[]},"text_color":"#54595F","icon_typography_font_size":{"unit":"px","size":14,"sizes":[]},"divider":"yes","divider_style":"dotted","_margin":{"unit":"px","top":"20","right":"0","bottom":"20","left":"0","isLinked":false}},"elements":[],"isInner":false,"widgetType":"icon-list","elType":"widget"},{"id":"4de8278a","settings":{"text":"Beli Sekarang !","link":{"url":"","is_external":"","nofollow":""},"size":"md","selected_icon":{"value":"fas fa-external-link-alt","library":"fa-solid"},"icon_indent":{"unit":"px","size":10,"sizes":[]},"typography_typography":"custom","typography_font_family":"Roboto","typography_font_size":{"unit":"px","size":16,"sizes":[]},"typography_font_weight":"bold","background_color":"#FCC169","border_radius":{"unit":"px","top":"3","right":"3","bottom":"3","left":"3","isLinked":true},"button_box_shadow_box_shadow_type":"yes","button_box_shadow_box_shadow":{"horizontal":3,"vertical":3,"blur":0,"spread":1,"color":"#E3F6F5"},"text_padding":{"unit":"px","top":"20","right":"50","bottom":"20","left":"50","isLinked":false},"align_mobile":"center","align":"center","button_text_color":"#272343","typography_font_size_mobile":{"unit":"px","size":16,"sizes":[]},"_margin":{"unit":"px","top":"0","right":"0","bottom":"0","left":"0","isLinked":false}},"elements":[],"isInner":false,"widgetType":"button","elType":"widget"},{"id":"29c05814","settings":{"space":{"unit":"px","size":10,"sizes":[]}},"elements":[],"isInner":false,"widgetType":"spacer","elType":"widget"}],"isInner":true,"elType":"column"}],"isInner":true,"elType":"section"},{"id":"77c7f638","settings":{"space":{"unit":"px","size":150,"sizes":[]},"space_mobile":{"unit":"px","size":50,"sizes":[]}},"elements":[],"isInner":false,"widgetType":"spacer","elType":"widget"}],"isInner":false,"elType":"column"}],"isInner":false,"elType":"section"},{"id":"2deb37c0","settings":{"background_background":"classic","background_color":"#F9FCFB","shape_divider_bottom":"tilt","shape_divider_bottom_width":{"unit":"%","size":100,"sizes":[]},"shape_divider_bottom_height":{"unit":"px","size":50,"sizes":[]}},"elements":[{"id":"5edbab13","settings":{"_column_size":100},"elements":[{"id":"654ec57b","settings":[],"elements":[],"isInner":false,"widgetType":"spacer","elType":"widget"},{"id":"2b8bf713","settings":[],"elements":[{"id":"69ab76b7","settings":{"_column_size":100,"_inline_size":null,"space_between_widgets":0},"elements":[{"id":"40818905","settings":{"title":"Lebih Dari 800+ Paket Sudah Dikirim","align":"center","title_color":"#FCC169","typography_typography":"custom","typography_font_family":"Poppins","typography_font_size":{"unit":"px","size":24,"sizes":[]},"typography_line_height":{"unit":"em","size":1.2,"sizes":[]},"typography_line_height_mobile":{"unit":"em","size":1.2,"sizes":[]},"typography_font_size_mobile":{"unit":"px","size":16,"sizes":[]}},"elements":[],"isInner":false,"widgetType":"heading","elType":"widget"},{"id":"29bb1d49","settings":{"title":"Ke Seluruh Kota Besar di Indonesia ","align":"center","title_color":"#272343","typography_typography":"custom","typography_font_family":"Poppins","typography_font_size":{"unit":"px","size":30,"sizes":[]},"typography_line_height":{"unit":"em","size":1.2,"sizes":[]},"typography_line_height_mobile":{"unit":"em","size":1.2,"sizes":[]},"typography_font_size_mobile":{"unit":"px","size":18,"sizes":[]}},"elements":[],"isInner":false,"widgetType":"heading","elType":"widget"}],"isInner":true,"elType":"column"}],"isInner":true,"elType":"section"},{"id":"2f48e3f2","settings":{"align":"center","text_color":"#54595F","typography_typography":"custom","typography_font_family":"Roboto","typography_font_size":{"unit":"px","size":16,"sizes":[]},"editor":"<p>Lorem ipsum dolor sit amet, consectetur adipiscing elit. Ut elit tellus, luctus nec ullamcorper mattis, pulvinar dapibus leo.<\/p>"},"elements":[],"isInner":false,"widgetType":"text-editor","elType":"widget"},{"id":"116675ff","settings":{"structure":"30","content_width":{"unit":"px","size":800,"sizes":[]}},"elements":[{"id":"2d9fc4a3","settings":{"_column_size":33,"_inline_size":null,"background_background":"classic","background_color":"#E3F6F5","background_overlay_background":"classic","background_overlay_position":"top left","background_overlay_repeat":"no-repeat","background_overlay_size":"initial","background_overlay_bg_width":{"unit":"%","size":23,"sizes":[]},"border_radius":{"unit":"px","top":"5","right":"5","bottom":"5","left":"5","isLinked":true},"box_shadow_box_shadow_type":"yes","box_shadow_box_shadow":{"horizontal":0,"vertical":0,"blur":10,"spread":0,"color":"#fbfbfb"},"margin":{"unit":"px","top":"5","right":"5","bottom":"5","left":"5","isLinked":true},"padding":{"unit":"px","top":"20","right":"20","bottom":"20","left":"20","isLinked":true},"_inline_size_mobile":50,"margin_mobile":{"unit":"px","top":"5","right":"5","bottom":"5","left":"5","isLinked":true},"padding_mobile":{"unit":"px","top":"10","right":"10","bottom":"10","left":"10","isLinked":true},"content_position":"center","align":"center"},"elements":[{"id":"31a4689b","settings":{"image":{"id":894,"url":"https:\/\/elementor.landfoster.co\/wp-content\/uploads\/2020\/03\/package-box.png"},"image_border_radius":{"unit":"px","top":"10","right":"50","bottom":"10","left":"50","isLinked":false},"width":{"unit":"%","size":100,"sizes":[]},"space":{"unit":"%","size":100,"sizes":[]}},"elements":[],"isInner":false,"widgetType":"image","elType":"widget"}],"isInner":true,"elType":"column"},{"id":"5403f229","settings":{"_column_size":33,"_inline_size":null,"background_background":"classic","background_color":"#E3F6F5","background_overlay_background":"classic","background_overlay_position":"top left","background_overlay_repeat":"no-repeat","background_overlay_size":"initial","background_overlay_bg_width":{"unit":"%","size":23,"sizes":[]},"border_radius":{"unit":"px","top":"5","right":"5","bottom":"5","left":"5","isLinked":true},"box_shadow_box_shadow_type":"yes","box_shadow_box_shadow":{"horizontal":0,"vertical":0,"blur":10,"spread":0,"color":"#fbfbfb"},"margin":{"unit":"px","top":"5","right":"5","bottom":"5","left":"5","isLinked":true},"padding":{"unit":"px","top":"20","right":"20","bottom":"20","left":"20","isLinked":true},"_inline_size_mobile":50,"margin_mobile":{"unit":"px","top":"5","right":"5","bottom":"5","left":"5","isLinked":true},"padding_mobile":{"unit":"px","top":"10","right":"10","bottom":"10","left":"10","isLinked":true},"content_position":"center","align":"center"},"elements":[{"id":"52706cef","settings":{"image":{"id":894,"url":"https:\/\/elementor.landfoster.co\/wp-content\/uploads\/2020\/03\/package-box.png"},"image_border_radius":{"unit":"px","top":"10","right":"50","bottom":"10","left":"50","isLinked":false},"width":{"unit":"%","size":100,"sizes":[]},"space":{"unit":"%","size":100,"sizes":[]}},"elements":[],"isInner":false,"widgetType":"image","elType":"widget"}],"isInner":true,"elType":"column"},{"id":"6a87b847","settings":{"_column_size":33,"_inline_size":null,"background_background":"classic","background_color":"#E3F6F5","background_overlay_background":"classic","background_overlay_position":"top left","background_overlay_repeat":"no-repeat","background_overlay_size":"initial","background_overlay_bg_width":{"unit":"%","size":23,"sizes":[]},"border_radius":{"unit":"px","top":"5","right":"5","bottom":"5","left":"5","isLinked":true},"box_shadow_box_shadow_type":"yes","box_shadow_box_shadow":{"horizontal":0,"vertical":0,"blur":10,"spread":0,"color":"#fbfbfb"},"margin":{"unit":"px","top":"5","right":"5","bottom":"5","left":"5","isLinked":true},"padding":{"unit":"px","top":"20","right":"20","bottom":"20","left":"20","isLinked":true},"margin_mobile":{"unit":"px","top":"5","right":"5","bottom":"5","left":"5","isLinked":true},"padding_mobile":{"unit":"px","top":"10","right":"10","bottom":"10","left":"10","isLinked":true},"content_position":"center","align":"center"},"elements":[{"id":"e44c96c","settings":{"image":{"id":894,"url":"https:\/\/elementor.landfoster.co\/wp-content\/uploads\/2020\/03\/package-box.png"},"image_border_radius":{"unit":"px","top":"10","right":"50","bottom":"10","left":"50","isLinked":false},"width":{"unit":"%","size":100,"sizes":[]},"space":{"unit":"%","size":100,"sizes":[]}},"elements":[],"isInner":false,"widgetType":"image","elType":"widget"}],"isInner":true,"elType":"column"}],"isInner":true,"elType":"section"},{"id":"760c3c42","settings":{"structure":"30","content_width":{"unit":"px","size":800,"sizes":[]}},"elements":[{"id":"6f91669","settings":{"_column_size":33,"_inline_size":null,"background_background":"classic","background_color":"#E3F6F5","background_overlay_background":"classic","background_overlay_position":"top left","background_overlay_repeat":"no-repeat","background_overlay_size":"initial","background_overlay_bg_width":{"unit":"%","size":23,"sizes":[]},"border_radius":{"unit":"px","top":"5","right":"5","bottom":"5","left":"5","isLinked":true},"box_shadow_box_shadow_type":"yes","box_shadow_box_shadow":{"horizontal":0,"vertical":0,"blur":10,"spread":0,"color":"#fbfbfb"},"margin":{"unit":"px","top":"5","right":"5","bottom":"5","left":"5","isLinked":true},"padding":{"unit":"px","top":"20","right":"20","bottom":"20","left":"20","isLinked":true},"_inline_size_mobile":50,"margin_mobile":{"unit":"px","top":"5","right":"5","bottom":"5","left":"5","isLinked":true},"padding_mobile":{"unit":"px","top":"10","right":"10","bottom":"10","left":"10","isLinked":true},"content_position":"center","align":"center"},"elements":[{"id":"481f51b1","settings":{"image":{"id":894,"url":"https:\/\/elementor.landfoster.co\/wp-content\/uploads\/2020\/03\/package-box.png"},"image_border_radius":{"unit":"px","top":"10","right":"50","bottom":"10","left":"50","isLinked":false},"width":{"unit":"%","size":100,"sizes":[]},"space":{"unit":"%","size":100,"sizes":[]}},"elements":[],"isInner":false,"widgetType":"image","elType":"widget"}],"isInner":true,"elType":"column"},{"id":"10275344","settings":{"_column_size":33,"_inline_size":null,"background_background":"classic","background_color":"#E3F6F5","background_overlay_background":"classic","background_overlay_position":"top left","background_overlay_repeat":"no-repeat","background_overlay_size":"initial","background_overlay_bg_width":{"unit":"%","size":23,"sizes":[]},"border_radius":{"unit":"px","top":"5","right":"5","bottom":"5","left":"5","isLinked":true},"box_shadow_box_shadow_type":"yes","box_shadow_box_shadow":{"horizontal":0,"vertical":0,"blur":10,"spread":0,"color":"#fbfbfb"},"margin":{"unit":"px","top":"5","right":"5","bottom":"5","left":"5","isLinked":true},"padding":{"unit":"px","top":"20","right":"20","bottom":"20","left":"20","isLinked":true},"_inline_size_mobile":50,"margin_mobile":{"unit":"px","top":"5","right":"5","bottom":"5","left":"5","isLinked":true},"padding_mobile":{"unit":"px","top":"10","right":"10","bottom":"10","left":"10","isLinked":true},"content_position":"center","align":"center"},"elements":[{"id":"e4861bf","settings":{"image":{"id":894,"url":"https:\/\/elementor.landfoster.co\/wp-content\/uploads\/2020\/03\/package-box.png"},"image_border_radius":{"unit":"px","top":"10","right":"50","bottom":"10","left":"50","isLinked":false},"width":{"unit":"%","size":100,"sizes":[]},"space":{"unit":"%","size":100,"sizes":[]}},"elements":[],"isInner":false,"widgetType":"image","elType":"widget"}],"isInner":true,"elType":"column"},{"id":"218dfd01","settings":{"_column_size":33,"_inline_size":null,"background_background":"classic","background_color":"#E3F6F5","background_overlay_background":"classic","background_overlay_position":"top left","background_overlay_repeat":"no-repeat","background_overlay_size":"initial","background_overlay_bg_width":{"unit":"%","size":23,"sizes":[]},"border_radius":{"unit":"px","top":"5","right":"5","bottom":"5","left":"5","isLinked":true},"box_shadow_box_shadow_type":"yes","box_shadow_box_shadow":{"horizontal":0,"vertical":0,"blur":10,"spread":0,"color":"#fbfbfb"},"margin":{"unit":"px","top":"5","right":"5","bottom":"5","left":"5","isLinked":true},"padding":{"unit":"px","top":"20","right":"20","bottom":"20","left":"20","isLinked":true},"margin_mobile":{"unit":"px","top":"5","right":"5","bottom":"5","left":"5","isLinked":true},"padding_mobile":{"unit":"px","top":"10","right":"10","bottom":"10","left":"10","isLinked":true},"content_position":"center","align":"center"},"elements":[{"id":"7d52153f","settings":{"image":{"id":894,"url":"https:\/\/elementor.landfoster.co\/wp-content\/uploads\/2020\/03\/package-box.png"},"image_border_radius":{"unit":"px","top":"10","right":"50","bottom":"10","left":"50","isLinked":false},"width":{"unit":"%","size":100,"sizes":[]},"space":{"unit":"%","size":100,"sizes":[]}},"elements":[],"isInner":false,"widgetType":"image","elType":"widget"}],"isInner":true,"elType":"column"}],"isInner":true,"elType":"section"},{"id":"c1f1018","settings":{"space":{"unit":"px","size":100,"sizes":[]},"space_mobile":{"unit":"px","size":50,"sizes":[]}},"elements":[],"isInner":false,"widgetType":"spacer","elType":"widget"}],"isInner":false,"elType":"column"}],"isInner":false,"elType":"section"},{"id":"4c821e2","settings":{"background_background":"classic","background_color":"#FFFFFF"},"elements":[{"id":"673dad61","settings":{"_column_size":100,"_inline_size":null},"elements":[{"id":"2ee998ed","settings":{"space_mobile":{"unit":"px","size":10,"sizes":[]}},"elements":[],"isInner":false,"widgetType":"spacer","elType":"widget"},{"id":"4d222163","settings":{"content_width":{"unit":"px","size":700,"sizes":[]}},"elements":[{"id":"1273a5a1","settings":{"_column_size":100,"_inline_size":null,"space_between_widgets":3},"elements":[{"id":"11bc9067","settings":{"title":"Banyak Keuntungan Jika Anda","align":"center","title_color":"#FCC169","typography_typography":"custom","typography_font_family":"Poppins","typography_font_size":{"unit":"px","size":24,"sizes":[]},"typography_font_size_mobile":{"unit":"px","size":18,"sizes":[]}},"elements":[],"isInner":false,"widgetType":"heading","elType":"widget"},{"id":"7d46f306","settings":{"title":"Membeli di Toko Online Kami","align":"center","title_color":"#272343","typography_typography":"custom","typography_font_family":"Poppins","typography_font_size":{"unit":"px","size":30,"sizes":[]},"typography_font_size_mobile":{"unit":"px","size":20,"sizes":[]}},"elements":[],"isInner":false,"widgetType":"heading","elType":"widget"}],"isInner":true,"elType":"column"}],"isInner":true,"elType":"section"},{"id":"17d013b0","settings":{"align":"center","text_color":"#54595F"},"elements":[],"isInner":false,"widgetType":"text-editor","elType":"widget"},{"id":"691750ea","settings":{"structure":"20","content_width":{"unit":"px","size":800,"sizes":[]}},"elements":[{"id":"323ec659","settings":{"_column_size":50,"_inline_size":null,"margin":{"unit":"px","top":"5","right":"5","bottom":"5","left":"5","isLinked":true},"margin_mobile":{"unit":"px","top":"5","right":"5","bottom":"5","left":"5","isLinked":true},"padding":{"unit":"px","top":"20","right":"20","bottom":"20","left":"20","isLinked":true},"padding_mobile":{"unit":"px","top":"20","right":"20","bottom":"20","left":"20","isLinked":true},"content_position":"center","align":"center","background_background":"classic","background_color":"#E3F6F5","border_radius":{"unit":"px","top":"5","right":"5","bottom":"5","left":"5","isLinked":true}},"elements":[{"id":"23d8881c","settings":{"view":"stacked","title_text":"Keuntungan 1","description_text":"Lorem ipsum dolor sit amet, consectetur adipiscing elit. Ut elit tellus, luctus nec ullamcorper mattis, pulvinar dapibus leo.","icon_size":{"unit":"px","size":30,"sizes":[]},"title_typography_typography":"custom","title_typography_font_family":"Poppins","title_typography_font_size":{"unit":"px","size":20,"sizes":[]},"description_typography_typography":"custom","description_typography_font_family":"Roboto","description_typography_font_size":{"unit":"px","size":14,"sizes":[]},"primary_color":"#BAE8E8","title_bottom_space":{"unit":"px","size":5,"sizes":[]},"title_color":"#272343","description_color":"#54595F","secondary_color":"#FFFFFF","shape":"square"},"elements":[],"isInner":false,"widgetType":"icon-box","elType":"widget"}],"isInner":true,"elType":"column"},{"id":"72950153","settings":{"_column_size":50,"_inline_size":null,"margin":{"unit":"px","top":"5","right":"5","bottom":"5","left":"5","isLinked":true},"margin_mobile":{"unit":"px","top":"5","right":"5","bottom":"5","left":"5","isLinked":true},"padding":{"unit":"px","top":"20","right":"20","bottom":"20","left":"20","isLinked":true},"padding_mobile":{"unit":"px","top":"20","right":"20","bottom":"20","left":"20","isLinked":true},"content_position":"center","align":"center","background_background":"classic","background_color":"#E3F6F5","border_radius":{"unit":"px","top":"5","right":"5","bottom":"5","left":"5","isLinked":true}},"elements":[{"id":"2f92c3ca","settings":{"view":"stacked","title_text":"Keuntungan 1","description_text":"Lorem ipsum dolor sit amet, consectetur adipiscing elit. Ut elit tellus, luctus nec ullamcorper mattis, pulvinar dapibus leo.","icon_size":{"unit":"px","size":30,"sizes":[]},"title_typography_typography":"custom","title_typography_font_family":"Poppins","title_typography_font_size":{"unit":"px","size":20,"sizes":[]},"description_typography_typography":"custom","description_typography_font_family":"Roboto","description_typography_font_size":{"unit":"px","size":14,"sizes":[]},"primary_color":"#BAE8E8","title_bottom_space":{"unit":"px","size":5,"sizes":[]},"title_color":"#272343","description_color":"#54595F","secondary_color":"#FFFFFF","shape":"square"},"elements":[],"isInner":false,"widgetType":"icon-box","elType":"widget"}],"isInner":true,"elType":"column"}],"isInner":true,"elType":"section"},{"id":"6cc55201","settings":{"structure":"20","content_width":{"unit":"px","size":800,"sizes":[]}},"elements":[{"id":"5b3cb6fc","settings":{"_column_size":50,"_inline_size":null,"margin":{"unit":"px","top":"5","right":"5","bottom":"5","left":"5","isLinked":true},"margin_mobile":{"unit":"px","top":"5","right":"5","bottom":"5","left":"5","isLinked":true},"padding":{"unit":"px","top":"20","right":"20","bottom":"20","left":"20","isLinked":true},"padding_mobile":{"unit":"px","top":"20","right":"20","bottom":"20","left":"20","isLinked":true},"content_position":"center","align":"center","background_background":"classic","background_color":"#E3F6F5","border_radius":{"unit":"px","top":"5","right":"5","bottom":"5","left":"5","isLinked":true}},"elements":[{"id":"181e1b21","settings":{"view":"stacked","title_text":"Keuntungan 1","description_text":"Lorem ipsum dolor sit amet, consectetur adipiscing elit. Ut elit tellus, luctus nec ullamcorper mattis, pulvinar dapibus leo.","icon_size":{"unit":"px","size":30,"sizes":[]},"title_typography_typography":"custom","title_typography_font_family":"Poppins","title_typography_font_size":{"unit":"px","size":20,"sizes":[]},"description_typography_typography":"custom","description_typography_font_family":"Roboto","description_typography_font_size":{"unit":"px","size":14,"sizes":[]},"primary_color":"#BAE8E8","title_bottom_space":{"unit":"px","size":5,"sizes":[]},"title_color":"#272343","description_color":"#54595F","secondary_color":"#FFFFFF","shape":"square"},"elements":[],"isInner":false,"widgetType":"icon-box","elType":"widget"}],"isInner":true,"elType":"column"},{"id":"27184d3d","settings":{"_column_size":50,"_inline_size":null,"margin":{"unit":"px","top":"5","right":"5","bottom":"5","left":"5","isLinked":true},"margin_mobile":{"unit":"px","top":"5","right":"5","bottom":"5","left":"5","isLinked":true},"padding":{"unit":"px","top":"20","right":"20","bottom":"20","left":"20","isLinked":true},"padding_mobile":{"unit":"px","top":"20","right":"20","bottom":"20","left":"20","isLinked":true},"content_position":"center","align":"center","background_background":"classic","background_color":"#E3F6F5","border_radius":{"unit":"px","top":"5","right":"5","bottom":"5","left":"5","isLinked":true}},"elements":[{"id":"63e99673","settings":{"view":"stacked","title_text":"Keuntungan 1","description_text":"Lorem ipsum dolor sit amet, consectetur adipiscing elit. Ut elit tellus, luctus nec ullamcorper mattis, pulvinar dapibus leo.","icon_size":{"unit":"px","size":30,"sizes":[]},"title_typography_typography":"custom","title_typography_font_family":"Poppins","title_typography_font_size":{"unit":"px","size":20,"sizes":[]},"description_typography_typography":"custom","description_typography_font_family":"Roboto","description_typography_font_size":{"unit":"px","size":14,"sizes":[]},"primary_color":"#BAE8E8","title_bottom_space":{"unit":"px","size":5,"sizes":[]},"title_color":"#272343","description_color":"#54595F","secondary_color":"#FFFFFF","shape":"square"},"elements":[],"isInner":false,"widgetType":"icon-box","elType":"widget"}],"isInner":true,"elType":"column"}],"isInner":true,"elType":"section"},{"id":"4435a8a8","settings":[],"elements":[],"isInner":false,"widgetType":"spacer","elType":"widget"}],"isInner":false,"elType":"column"}],"isInner":false,"elType":"section"},{"id":"43bd4cdc","settings":{"background_background":"classic","background_color":"#272343","background_overlay_background":"classic","background_overlay_image":{"url":"https:\/\/elementor.landfoster.co\/wp-content\/uploads\/2020\/03\/markus-spiske-UCbMZ0S-w28-unsplash.jpg","id":966},"background_overlay_position":"center center","background_overlay_repeat":"no-repeat","background_overlay_size":"cover","background_overlay_opacity":{"unit":"px","size":0.1,"sizes":[]},"content_position":"middle","background_color_b":"","background_gradient_angle":{"unit":"deg","size":120,"sizes":[]},"shape_divider_bottom":"tilt","shape_divider_bottom_color":"#F9FCFB","shape_divider_bottom_width":{"unit":"%","size":100,"sizes":[]},"shape_divider_bottom_height":{"unit":"px","size":50,"sizes":[]},"shape_divider_bottom_negative":"yes"},"elements":[{"id":"3f06f04e","settings":{"_column_size":100},"elements":[{"id":"1fa5be5d","settings":[],"elements":[],"isInner":false,"widgetType":"spacer","elType":"widget"},{"id":"375fa5d2","settings":{"margin":{"unit":"px","top":"0","right":0,"bottom":"50","left":0,"isLinked":false}},"elements":[{"id":"1b1086a5","settings":{"_column_size":100,"_inline_size":null,"space_between_widgets":3},"elements":[{"id":"5c19f9d7","settings":{"title":"Oke, Saya Berminat","align":"center","title_color":"#E3F6F5","typography_typography":"custom","typography_font_family":"Poppins","typography_font_size":{"unit":"px","size":24,"sizes":[]},"typography_line_height":{"unit":"em","size":1.2,"sizes":[]},"typography_line_height_mobile":{"unit":"em","size":1.2,"sizes":[]},"typography_font_size_mobile":{"unit":"px","size":24,"sizes":[]}},"elements":[],"isInner":false,"widgetType":"heading","elType":"widget"},{"id":"6751e70c","settings":{"title":"Berapa Harganya?","align":"center","title_color":"#FFFFFF","typography_typography":"custom","typography_font_family":"Poppins","typography_font_size":{"unit":"px","size":30,"sizes":[]},"typography_line_height":{"unit":"em","size":1.2,"sizes":[]},"typography_line_height_mobile":{"unit":"em","size":1.2,"sizes":[]},"typography_font_size_mobile":{"unit":"px","size":30,"sizes":[]}},"elements":[],"isInner":false,"widgetType":"heading","elType":"widget"}],"isInner":true,"elType":"column"}],"isInner":true,"elType":"section"},{"id":"26af94a7","settings":{"content_position":"middle","content_width":{"unit":"px","size":800,"sizes":[]}},"elements":[{"id":"43c2b96d","settings":{"_column_size":100,"_inline_size":null,"margin_mobile":{"unit":"px","top":"10","right":"10","bottom":"10","left":"10","isLinked":true},"padding_mobile":{"unit":"px","top":"20","right":"20","bottom":"20","left":"20","isLinked":true},"background_background":"classic","background_color":"#FFFFFF","border_radius":{"unit":"px","top":"5","right":"5","bottom":"5","left":"5","isLinked":true},"margin":{"unit":"px","top":"5","right":"5","bottom":"5","left":"5","isLinked":true},"padding":{"unit":"px","top":"50","right":"20","bottom":"50","left":"20","isLinked":false},"space_between_widgets":0},"elements":[{"id":"57939113","settings":{"title":"Baju Dress Wanita Terbaru","align":"center","title_color":"#FCC169","typography_typography":"custom","typography_font_family":"Poppins","typography_font_size":{"unit":"px","size":22,"sizes":[]},"typography_line_height":{"unit":"em","size":1.2,"sizes":[]},"typography_line_height_mobile":{"unit":"em","size":1.2,"sizes":[]},"typography_font_size_mobile":{"unit":"px","size":18,"sizes":[]}},"elements":[],"isInner":false,"widgetType":"heading","elType":"widget"},{"id":"74adf6af","settings":{"title":"Dress Wanita Merk XYZ","align":"center","title_color":"#272343","typography_typography":"custom","typography_font_family":"Poppins","typography_font_size":{"unit":"px","size":30,"sizes":[]},"typography_line_height":{"unit":"em","size":1.2,"sizes":[]},"typography_line_height_mobile":{"unit":"em","size":1.2,"sizes":[]},"typography_font_size_mobile":{"unit":"px","size":30,"sizes":[]}},"elements":[],"isInner":false,"widgetType":"heading","elType":"widget"},{"id":"1d325001","settings":{"align":"center","text_color":"#54595F","typography_typography":"custom","typography_font_family":"Roboto","typography_font_size":{"unit":"px","size":16,"sizes":[]},"_margin":{"unit":"px","top":"10","right":"0","bottom":"10","left":"0","isLinked":false},"editor":"<p>Lorem ipsum dolor sit amet, consectetur adipisicing elit, sed do eiusmod tempor incididunt ut labore et dolore magna aliqua. Ut enim ad minim veniam, quis nostrud exercitation ullamco laboris nisi ut aliquip ex ea commodo consequat.<\/p>"},"elements":[],"isInner":false,"widgetType":"text-editor","elType":"widget"},{"id":"f8d4114","settings":{"carousel":[{"id":1114,"url":"https:\/\/elementor.landfoster.co\/wp-content\/uploads\/2020\/03\/Dress-4.jpg"},{"id":1113,"url":"https:\/\/elementor.landfoster.co\/wp-content\/uploads\/2020\/03\/Dress-3.jpg"},{"id":1112,"url":"https:\/\/elementor.landfoster.co\/wp-content\/uploads\/2020\/03\/Dress-2.jpg"},{"id":1111,"url":"https:\/\/elementor.landfoster.co\/wp-content\/uploads\/2020\/03\/Dress-1.jpg"}],"thumbnail_size":"full","slides_to_show":"3","image_border_radius":{"unit":"px","top":"3","right":"3","bottom":"3","left":"3","isLinked":true},"image_spacing":"custom","image_spacing_custom":{"unit":"px","size":5,"sizes":[]},"_margin":{"unit":"px","top":"20","right":"0","bottom":"20","left":"0","isLinked":false}},"elements":[],"isInner":false,"widgetType":"image-carousel","elType":"widget"},{"id":"16d8476e","settings":{"icon_list":[{"text":"Lorem ipsum dolor sit amet, consectetur adipiscing elit. Ut elit tellus, luctus nec ullamcorper mattis, pulvinar dapibus leo.","selected_icon":{"value":"fas fa-check-circle","library":"fa-solid"},"_id":"1a1a69a","link":{"url":"","is_external":"","nofollow":""}},{"text":"Lorem ipsum dolor sit amet, consectetur adipiscing elit. Ut elit tellus, luctus nec ullamcorper mattis, pulvinar dapibus leo.","selected_icon":{"value":"fas fa-check-circle","library":"fa-solid"},"link":{"url":"","is_external":"","nofollow":""},"_id":"49f996f"},{"text":"Lorem ipsum dolor sit amet, consectetur adipiscing elit. Ut elit tellus, luctus nec ullamcorper mattis, pulvinar dapibus leo.","selected_icon":{"value":"fas fa-check-circle","library":"fa-solid"},"link":{"url":"","is_external":"","nofollow":""},"_id":"ca855f2"}],"space_between":{"unit":"px","size":30,"sizes":[]},"icon_typography_typography":"custom","icon_typography_font_family":"Roboto","icon_color":"#BAE8E8","icon_size":{"unit":"px","size":20,"sizes":[]},"text_color":"#54595F","icon_typography_font_size":{"unit":"px","size":14,"sizes":[]},"icon_align":"left","divider":"yes","divider_style":"dotted","_margin":{"unit":"px","top":"10","right":"0","bottom":"10","left":"0","isLinked":false}},"elements":[],"isInner":false,"widgetType":"icon-list","elType":"widget"},{"id":"7c50d7a9","settings":{"image":{"url":"","id":""},"title_text":"Rp469.000","description_text":"Rp359.000","text_align":"center","title_bottom_space":{"unit":"px","size":0,"sizes":[]},"title_color":"#FCC169","title_typography_typography":"custom","title_typography_font_family":"Roboto","title_typography_font_size":{"unit":"px","size":16,"sizes":[]},"title_typography_font_weight":"normal","title_typography_text_decoration":"line-through","description_color":"#272343","description_typography_typography":"custom","description_typography_font_family":"Poppins","description_typography_font_size":{"unit":"px","size":40,"sizes":[]},"description_typography_font_weight":"bold","_margin":{"unit":"px","top":"10","right":"0","bottom":"10","left":"0","isLinked":false}},"elements":[],"isInner":false,"widgetType":"image-box","elType":"widget"},{"id":"4fac4745","settings":{"text":"Beli Sekarang !","link":{"url":"","is_external":"","nofollow":""},"size":"md","selected_icon":{"value":"fas fa-external-link-alt","library":"fa-solid"},"icon_indent":{"unit":"px","size":10,"sizes":[]},"typography_typography":"custom","typography_font_family":"Roboto","typography_font_size":{"unit":"px","size":16,"sizes":[]},"typography_font_weight":"bold","background_color":"#FCC169","border_radius":{"unit":"px","top":"3","right":"3","bottom":"3","left":"3","isLinked":true},"button_box_shadow_box_shadow_type":"yes","button_box_shadow_box_shadow":{"horizontal":3,"vertical":3,"blur":0,"spread":1,"color":"#E3F6F5"},"text_padding":{"unit":"px","top":"20","right":"50","bottom":"20","left":"50","isLinked":false},"align_mobile":"center","align":"center","button_text_color":"#272343","typography_font_size_mobile":{"unit":"px","size":16,"sizes":[]},"_margin":{"unit":"px","top":"10","right":"0","bottom":"10","left":"0","isLinked":false}},"elements":[],"isInner":false,"widgetType":"button","elType":"widget"},{"id":"1324b129","settings":{"image":{"url":"https:\/\/elementor.landfoster.co\/wp-content\/uploads\/2020\/02\/Logo-Bank.png","id":189},"align":"center","width":{"unit":"%","size":40,"sizes":[]},"space":{"unit":"%","size":40,"sizes":[]},"width_mobile":{"unit":"%","size":100,"sizes":[]},"space_mobile":{"unit":"%","size":100,"sizes":[]}},"elements":[],"isInner":false,"widgetType":"image","elType":"widget"}],"isInner":true,"elType":"column"}],"isInner":true,"elType":"section"},{"id":"420e2431","settings":{"space":{"unit":"px","size":100,"sizes":[]},"space_mobile":{"unit":"px","size":50,"sizes":[]}},"elements":[],"isInner":false,"widgetType":"spacer","elType":"widget"}],"isInner":false,"elType":"column"}],"isInner":false,"elType":"section"},{"id":"101af631","settings":{"background_background":"classic","background_color":"#F9FCFB"},"elements":[{"id":"30ac4e64","settings":{"_column_size":100},"elements":[{"id":"787a53a2","settings":{"space_mobile":{"unit":"px","size":10,"sizes":[]}},"elements":[],"isInner":false,"widgetType":"spacer","elType":"widget"},{"id":"6683a314","settings":[],"elements":[{"id":"3fce34b2","settings":{"_column_size":100,"_inline_size":null,"space_between_widgets":3},"elements":[{"id":"300ea186","settings":{"title":"5 Alasan Kenapa Anda","align":"center","title_color":"#FCC169","typography_typography":"custom","typography_font_family":"Poppins","typography_font_size":{"unit":"px","size":24,"sizes":[]},"typography_line_height":{"unit":"em","size":1.2,"sizes":[]},"typography_line_height_mobile":{"unit":"em","size":1.2,"sizes":[]},"typography_font_size_mobile":{"unit":"px","size":22,"sizes":[]}},"elements":[],"isInner":false,"widgetType":"heading","elType":"widget"},{"id":"671448e3","settings":{"title":"Harus Membeli Sekarang Juga","align":"center","title_color":"#272343","typography_typography":"custom","typography_font_family":"Poppins","typography_font_size":{"unit":"px","size":30,"sizes":[]},"typography_line_height":{"unit":"em","size":1.2,"sizes":[]},"typography_line_height_mobile":{"unit":"em","size":1.2,"sizes":[]},"typography_font_size_mobile":{"unit":"px","size":30,"sizes":[]}},"elements":[],"isInner":false,"widgetType":"heading","elType":"widget"}],"isInner":true,"elType":"column"}],"isInner":true,"elType":"section"},{"id":"1fbfab39","settings":{"structure":"20","content_position":"middle"},"elements":[{"id":"57d8be83","settings":{"_column_size":50,"_inline_size":null,"margin_mobile":{"unit":"px","top":"10","right":"10","bottom":"10","left":"10","isLinked":true},"padding_mobile":{"unit":"px","top":"20","right":"20","bottom":"20","left":"20","isLinked":true}},"elements":[{"id":"3534da1d","settings":{"icon_list":[{"text":"Lorem ipsum dolor sit amet, consectetur adipiscing elit. Ut elit tellus, luctus nec ullamcorper mattis, pulvinar dapibus leo.","selected_icon":{"value":"fas fa-check-circle","library":"fa-solid"},"_id":"1a1a69a","link":{"url":"","is_external":"","nofollow":""}},{"text":"Lorem ipsum dolor sit amet, consectetur adipiscing elit. Ut elit tellus, luctus nec ullamcorper mattis, pulvinar dapibus leo.","selected_icon":{"value":"fas fa-check-circle","library":"fa-solid"},"link":{"url":"","is_external":"","nofollow":""},"_id":"49f996f"},{"text":"Lorem ipsum dolor sit amet, consectetur adipiscing elit. Ut elit tellus, luctus nec ullamcorper mattis, pulvinar dapibus leo.","selected_icon":{"value":"fas fa-check-circle","library":"fa-solid"},"link":{"url":"","is_external":"","nofollow":""},"_id":"ca855f2"},{"text":"Lorem ipsum dolor sit amet, consectetur adipiscing elit. Ut elit tellus, luctus nec ullamcorper mattis, pulvinar dapibus leo.","selected_icon":{"value":"fas fa-check-circle","library":"fa-solid"},"link":{"url":"","is_external":"","nofollow":""},"_id":"9c9dbea"},{"text":"Lorem ipsum dolor sit amet, consectetur adipiscing elit. Ut elit tellus, luctus nec ullamcorper mattis, pulvinar dapibus leo.","selected_icon":{"value":"fas fa-check-circle","library":"fa-solid"},"link":{"url":"","is_external":"","nofollow":""},"_id":"7f2c0ca"}],"space_between":{"unit":"px","size":40,"sizes":[]},"icon_typography_typography":"custom","icon_typography_font_family":"Roboto","icon_color":"#BAE8E8","icon_size":{"unit":"px","size":20,"sizes":[]},"text_color":"#7a7a7a","icon_typography_font_size":{"unit":"px","size":16,"sizes":[]},"icon_align":"left","divider":"yes","divider_style":"dotted"},"elements":[],"isInner":false,"widgetType":"icon-list","elType":"widget"}],"isInner":true,"elType":"column"},{"id":"40b74814","settings":{"_column_size":50,"_inline_size":null,"content_position":"center","align":"center","background_background":"classic","background_overlay_background":"classic","background_overlay_position":"center center","background_overlay_repeat":"no-repeat","background_overlay_size":"contain","background_overlay_opacity":{"unit":"px","size":0.05,"sizes":[]}},"elements":[{"id":"56b7c7b3","settings":{"image":{"url":"https:\/\/elementor.landfoster.co\/wp-content\/uploads\/2020\/03\/Dress-2.jpg","id":1112},"image_border_radius":{"unit":"px","top":"5","right":"5","bottom":"5","left":"5","isLinked":true}},"elements":[],"isInner":false,"widgetType":"image","elType":"widget"}],"isInner":true,"elType":"column"}],"isInner":true,"elType":"section"},{"id":"63bc1890","settings":[],"elements":[],"isInner":false,"widgetType":"spacer","elType":"widget"}],"isInner":false,"elType":"column"}],"isInner":false,"elType":"section"},{"id":"49b98755","settings":[],"elements":[{"id":"6fb1414b","settings":{"_column_size":100,"_inline_size":null},"elements":[{"id":"3ff2bc12","settings":[],"elements":[],"isInner":false,"widgetType":"spacer","elType":"widget"},{"id":"27746900","settings":{"content_width":{"unit":"px","size":800,"sizes":[]},"margin":{"unit":"px","top":"0","right":0,"bottom":"0","left":0,"isLinked":false}},"elements":[{"id":"508d68f7","settings":{"_column_size":100,"_inline_size":null,"background_background":"classic","background_color":"#FCC169","margin":{"unit":"px","top":"5","right":"5","bottom":"5","left":"5","isLinked":true},"padding":{"unit":"px","top":"30","right":"30","bottom":"30","left":"30","isLinked":true},"border_radius":{"unit":"px","top":"5","right":"5","bottom":"5","left":"5","isLinked":true},"border_radius_mobile":{"unit":"px","top":"5","right":"5","bottom":"5","left":"5","isLinked":true},"margin_mobile":{"unit":"px","top":"5","right":"5","bottom":"5","left":"5","isLinked":true},"padding_mobile":{"unit":"px","top":"50","right":"20","bottom":"50","left":"20","isLinked":false}},"elements":[{"id":"61ff9471","settings":{"image":{"id":"212","url":"https:\/\/elementor.landfoster.co\/wp-content\/uploads\/2020\/02\/Garansi-30-Hari.png"},"width_mobile":{"unit":"%","size":50,"sizes":[]},"space_mobile":{"unit":"%","size":50,"sizes":[]},"width":{"unit":"%","size":30,"sizes":[]}},"elements":[],"isInner":false,"widgetType":"image","elType":"widget"},{"id":"614e2c45","settings":{"title":"30 Hari Garansi Produk","align":"center","typography_typography":"custom","typography_font_family":"Poppins","title_color":"#272343","typography_font_size":{"unit":"px","size":30,"sizes":[]},"typography_line_height_mobile":{"unit":"em","size":1.2,"sizes":[]},"typography_font_size_mobile":{"unit":"px","size":22,"sizes":[]}},"elements":[],"isInner":false,"widgetType":"heading","elType":"widget"},{"id":"75eb7705","settings":{"editor":"<p>Lorem ipsum dolor sit amet, consectetur adipisicing elit, sed do eiusmod tempor incididunt ut labore et dolore magna aliqua. Ut enim ad minim veniam, quis nostrud exercitation ullamco laboris nisi ut aliquip ex ea commodo consequat. Duis aute irure dolor in reprehenderit in voluptate velit esse cillum dolore eu fugiat nulla pariatur. Excepteur sint occaecat cupidatat non proident, sunt in culpa qui officia deserunt mollit anim id est laborum.<\/p>","align":"center","typography_typography":"custom","typography_font_family":"Roboto","text_color":"#54595F","typography_font_size":{"unit":"px","size":16,"sizes":[]},"align_mobile":"center"},"elements":[],"isInner":false,"widgetType":"text-editor","elType":"widget"}],"isInner":true,"elType":"column"}],"isInner":true,"elType":"section"},{"id":"6aa2a40b","settings":{"content_width":{"unit":"px","size":800,"sizes":[]},"margin":{"unit":"px","top":"","right":0,"bottom":"","left":0,"isLinked":true}},"elements":[{"id":"eb74dd7","settings":{"_column_size":100,"_inline_size":null,"background_background":"classic","background_color":"#FCC169","border_radius":{"unit":"px","top":"5","right":"5","bottom":"5","left":"5","isLinked":true},"margin":{"unit":"px","top":"5","right":"5","bottom":"5","left":"5","isLinked":true},"padding":{"unit":"px","top":"30","right":"30","bottom":"30","left":"30","isLinked":true},"margin_mobile":{"unit":"px","top":"5","right":"5","bottom":"5","left":"5","isLinked":true},"padding_mobile":{"unit":"px","top":"50","right":"20","bottom":"50","left":"20","isLinked":false}},"elements":[{"id":"a6a9c57","settings":{"title":"Masih Mikir-Mikir?","typography_typography":"custom","typography_font_family":"Poppins","title_color":"#272343","typography_font_size":{"unit":"px","size":26,"sizes":[]},"align":"center","align_mobile":"center","typography_line_height_mobile":{"unit":"em","size":1.2,"sizes":[]},"typography_font_size_mobile":{"unit":"px","size":26,"sizes":[]}},"elements":[],"isInner":false,"widgetType":"heading","elType":"widget"},{"id":"21e40f06","settings":{"align":"center","typography_typography":"custom","typography_font_family":"Roboto","text_color":"#54595F","typography_font_size":{"unit":"px","size":14,"sizes":[]},"editor":"<p>Kami tidak menjamin, bahwa harga akan terus terjangkau. Sewaktu-waktu harga akan naik seperti sebelumnya, tanpa pemberitahuan. Waktu yang terbaik untuk membeli adalah sekarang. Silakan pikirkan dan segera ambil keputusan! Semakin cepat Kamu membeli, semakin cepat buku keren ini ditangan Kamu.<\/p>","align_mobile":"center","typography_font_style":"italic"},"elements":[],"isInner":false,"widgetType":"text-editor","elType":"widget"}],"isInner":true,"elType":"column"}],"isInner":true,"elType":"section"},{"id":"55a1b52a","settings":[],"elements":[],"isInner":false,"widgetType":"spacer","elType":"widget"}],"isInner":false,"elType":"column"}],"isInner":false,"elType":"section"},{"id":"104ab32b","settings":{"background_background":"classic","background_color":"#F9FCFB","border_width":{"unit":"px","top":"1","right":"0","bottom":"0","left":"0","isLinked":false},"border_color":"rgba(0, 0, 0, 0.06)"},"elements":[{"id":"660e6736","settings":{"_column_size":100},"elements":[{"id":"1a54f626","settings":{"space_mobile":{"unit":"px","size":10,"sizes":[]}},"elements":[],"isInner":false,"widgetType":"spacer","elType":"widget"},{"id":"31e839f8","settings":{"content_width":{"unit":"px","size":700,"sizes":[]}},"elements":[{"id":"e90432e","settings":{"_column_size":100,"_inline_size":null,"space_between_widgets":0},"elements":[{"id":"210e267f","settings":{"title":"Simak Apa Kata Mereka","align":"center","typography_typography":"custom","typography_font_family":"Poppins","title_color":"#FCC169","typography_font_size":{"unit":"px","size":24,"sizes":[]},"typography_line_height":{"unit":"em","size":1.2,"sizes":[]},"align_mobile":"center","typography_font_size_mobile":{"unit":"px","size":20,"sizes":[]},"typography_line_height_mobile":{"unit":"em","size":1.2,"sizes":[]}},"elements":[],"isInner":false,"widgetType":"heading","elType":"widget"},{"id":"3aad4127","settings":{"title":"Tentang Toko Online Kami","align":"center","typography_typography":"custom","typography_font_family":"Poppins","title_color":"#272343","typography_font_size":{"unit":"px","size":30,"sizes":[]},"typography_line_height":{"unit":"em","size":1.2,"sizes":[]},"align_mobile":"center","typography_font_size_mobile":{"unit":"px","size":22,"sizes":[]},"typography_line_height_mobile":{"unit":"em","size":1.2,"sizes":[]}},"elements":[],"isInner":false,"widgetType":"heading","elType":"widget"}],"isInner":true,"elType":"column"}],"isInner":true,"elType":"section"},{"id":"490ca6f1","settings":{"align":"center","text_color":"#54595F","typography_typography":"custom","typography_font_family":"Roboto","typography_font_size":{"unit":"px","size":16,"sizes":[]},"_margin":{"unit":"px","top":"20","right":"0","bottom":"20","left":"0","isLinked":false}},"elements":[],"isInner":false,"widgetType":"text-editor","elType":"widget"},{"id":"7ef26f2e","settings":{"structure":"30","content_width":{"unit":"px","size":800,"sizes":[]}},"elements":[{"id":"4b06e1c7","settings":{"_column_size":33,"_inline_size":null,"margin":{"unit":"px","top":"5","right":"5","bottom":"5","left":"5","isLinked":true},"_inline_size_mobile":50,"margin_mobile":{"unit":"px","top":"5","right":"5","bottom":"5","left":"5","isLinked":true},"padding_mobile":{"unit":"px","top":"5","right":"5","bottom":"5","left":"5","isLinked":true}},"elements":[{"id":"37863520","settings":{"image":{"id":"187","url":"https:\/\/elementor.landfoster.co\/wp-content\/uploads\/2020\/02\/Testimoni-1.png"},"image_border_radius":{"unit":"px","top":"5","right":"5","bottom":"5","left":"5","isLinked":true},"image_box_shadow_box_shadow_type":"yes","image_box_shadow_box_shadow":{"horizontal":0,"vertical":0,"blur":40,"spread":0,"color":"rgba(0,0,0,0.2)"}},"elements":[],"isInner":false,"widgetType":"image","elType":"widget"}],"isInner":true,"elType":"column"},{"id":"6827ca02","settings":{"_column_size":33,"_inline_size":null,"margin":{"unit":"px","top":"5","right":"5","bottom":"5","left":"5","isLinked":true},"margin_mobile":{"unit":"px","top":"5","right":"5","bottom":"5","left":"5","isLinked":true},"padding_mobile":{"unit":"px","top":"5","right":"5","bottom":"5","left":"5","isLinked":true},"_inline_size_mobile":50},"elements":[{"id":"57f0bac","settings":{"image":{"id":"187","url":"https:\/\/elementor.landfoster.co\/wp-content\/uploads\/2020\/02\/Testimoni-1.png"},"image_border_radius":{"unit":"px","top":"5","right":"5","bottom":"5","left":"5","isLinked":true},"image_box_shadow_box_shadow_type":"yes","image_box_shadow_box_shadow":{"horizontal":0,"vertical":0,"blur":40,"spread":0,"color":"rgba(0,0,0,0.2)"}},"elements":[],"isInner":false,"widgetType":"image","elType":"widget"}],"isInner":true,"elType":"column"},{"id":"3399c79c","settings":{"_column_size":33,"_inline_size":null,"margin":{"unit":"px","top":"5","right":"5","bottom":"5","left":"5","isLinked":true},"margin_mobile":{"unit":"px","top":"5","right":"5","bottom":"5","left":"5","isLinked":true},"padding_mobile":{"unit":"px","top":"5","right":"5","bottom":"5","left":"5","isLinked":true}},"elements":[{"id":"3094a7d9","settings":{"image":{"id":"187","url":"https:\/\/elementor.landfoster.co\/wp-content\/uploads\/2020\/02\/Testimoni-1.png"},"image_border_radius":{"unit":"px","top":"5","right":"5","bottom":"5","left":"5","isLinked":true},"image_box_shadow_box_shadow_type":"yes","image_box_shadow_box_shadow":{"horizontal":0,"vertical":0,"blur":40,"spread":0,"color":"rgba(0,0,0,0.2)"}},"elements":[],"isInner":false,"widgetType":"image","elType":"widget"}],"isInner":true,"elType":"column"}],"isInner":true,"elType":"section"},{"id":"3ff1c562","settings":{"structure":"30","content_width":{"unit":"px","size":800,"sizes":[]}},"elements":[{"id":"54b2b03","settings":{"_column_size":33,"_inline_size":null,"margin":{"unit":"px","top":"5","right":"5","bottom":"5","left":"5","isLinked":true},"margin_mobile":{"unit":"px","top":"5","right":"5","bottom":"5","left":"5","isLinked":true},"padding_mobile":{"unit":"px","top":"5","right":"5","bottom":"5","left":"5","isLinked":true},"_inline_size_mobile":50},"elements":[{"id":"75e37b23","settings":{"image":{"id":"187","url":"https:\/\/elementor.landfoster.co\/wp-content\/uploads\/2020\/02\/Testimoni-1.png"},"image_border_radius":{"unit":"px","top":"5","right":"5","bottom":"5","left":"5","isLinked":true},"image_box_shadow_box_shadow_type":"yes","image_box_shadow_box_shadow":{"horizontal":0,"vertical":0,"blur":40,"spread":0,"color":"rgba(0,0,0,0.2)"}},"elements":[],"isInner":false,"widgetType":"image","elType":"widget"}],"isInner":true,"elType":"column"},{"id":"693ed9e8","settings":{"_column_size":33,"_inline_size":null,"margin":{"unit":"px","top":"5","right":"5","bottom":"5","left":"5","isLinked":true},"_inline_size_mobile":50,"margin_mobile":{"unit":"px","top":"5","right":"5","bottom":"5","left":"5","isLinked":true},"padding_mobile":{"unit":"px","top":"5","right":"5","bottom":"5","left":"5","isLinked":true}},"elements":[{"id":"51c406be","settings":{"image":{"id":"187","url":"https:\/\/elementor.landfoster.co\/wp-content\/uploads\/2020\/02\/Testimoni-1.png"},"image_border_radius":{"unit":"px","top":"5","right":"5","bottom":"5","left":"5","isLinked":true},"image_box_shadow_box_shadow_type":"yes","image_box_shadow_box_shadow":{"horizontal":0,"vertical":0,"blur":40,"spread":0,"color":"rgba(0,0,0,0.2)"}},"elements":[],"isInner":false,"widgetType":"image","elType":"widget"}],"isInner":true,"elType":"column"},{"id":"59896c7f","settings":{"_column_size":33,"_inline_size":null,"margin":{"unit":"px","top":"5","right":"5","bottom":"5","left":"5","isLinked":true},"margin_mobile":{"unit":"px","top":"5","right":"5","bottom":"5","left":"5","isLinked":true},"padding_mobile":{"unit":"px","top":"5","right":"5","bottom":"5","left":"5","isLinked":true}},"elements":[{"id":"75cf594d","settings":{"image":{"id":"187","url":"https:\/\/elementor.landfoster.co\/wp-content\/uploads\/2020\/02\/Testimoni-1.png"},"image_border_radius":{"unit":"px","top":"5","right":"5","bottom":"5","left":"5","isLinked":true},"image_box_shadow_box_shadow_type":"yes","image_box_shadow_box_shadow":{"horizontal":0,"vertical":0,"blur":40,"spread":0,"color":"rgba(0,0,0,0.2)"}},"elements":[],"isInner":false,"widgetType":"image","elType":"widget"}],"isInner":true,"elType":"column"}],"isInner":true,"elType":"section"},{"id":"2bc7959","settings":{"content_width":{"unit":"px","size":800,"sizes":[]},"margin":{"unit":"px","top":"20","right":0,"bottom":"0","left":0,"isLinked":false}},"elements":[{"id":"65d428b6","settings":{"_column_size":100,"_inline_size":null},"elements":[{"id":"151213c5","settings":{"text":"Beli Sekarang !","link":{"url":"","is_external":"","nofollow":""},"size":"md","selected_icon":{"value":"fas fa-arrow-circle-right","library":"fa-solid"},"icon_indent":{"unit":"px","size":10,"sizes":[]},"typography_typography":"custom","typography_font_family":"Roboto","typography_font_size":{"unit":"px","size":16,"sizes":[]},"typography_font_weight":"bold","background_color":"#FCC169","border_radius":{"unit":"px","top":"3","right":"3","bottom":"3","left":"3","isLinked":true},"button_box_shadow_box_shadow_type":"yes","button_box_shadow_box_shadow":{"horizontal":3,"vertical":3,"blur":0,"spread":1,"color":"#E3F6F5"},"text_padding":{"unit":"px","top":"20","right":"50","bottom":"20","left":"50","isLinked":false},"align_mobile":"center","align":"center","button_text_color":"#272343","typography_font_size_mobile":{"unit":"px","size":16,"sizes":[]},"_margin":{"unit":"px","top":"0","right":"0","bottom":"0","left":"0","isLinked":false}},"elements":[],"isInner":false,"widgetType":"button","elType":"widget"}],"isInner":true,"elType":"column"}],"isInner":true,"elType":"section"},{"id":"4e299342","settings":[],"elements":[],"isInner":false,"widgetType":"spacer","elType":"widget"}],"isInner":false,"elType":"column"}],"isInner":false,"elType":"section"},{"id":"4530e005","settings":{"background_background":"classic","background_color":"#FFFFFF"},"elements":[{"id":"77d351c9","settings":{"_column_size":100},"elements":[{"id":"691ae9d7","settings":[],"elements":[],"isInner":false,"widgetType":"spacer","elType":"widget"},{"id":"1cca0ded","settings":{"margin":{"unit":"px","top":"0","right":0,"bottom":"50","left":0,"isLinked":false}},"elements":[{"id":"24614b10","settings":{"_column_size":100,"_inline_size":null,"content_position":"center","align":"center","space_between_widgets":3},"elements":[{"id":"25987d14","settings":{"title":"FAQ","align":"center","typography_typography":"custom","typography_font_family":"Poppins","title_color":"#FCC169","typography_font_size":{"unit":"px","size":24,"sizes":[]},"typography_font_weight":"bold","align_mobile":"center","typography_line_height_mobile":{"unit":"em","size":1.2,"sizes":[]},"typography_font_size_mobile":{"unit":"px","size":20,"sizes":[]}},"elements":[],"isInner":false,"widgetType":"heading","elType":"widget"},{"id":"6909f4e0","settings":{"title":"Pertanyaan Yang Sering Ditanyakan","align":"center","typography_typography":"custom","typography_font_family":"Poppins","title_color":"#272343","typography_font_size":{"unit":"px","size":30,"sizes":[]},"typography_font_weight":"bold","align_mobile":"center","typography_line_height_mobile":{"unit":"em","size":1.2,"sizes":[]},"typography_font_size_mobile":{"unit":"px","size":30,"sizes":[]}},"elements":[],"isInner":false,"widgetType":"heading","elType":"widget"}],"isInner":true,"elType":"column"}],"isInner":true,"elType":"section"},{"id":"6b313e70","settings":{"structure":"20","content_width":{"unit":"px","size":900,"sizes":[]}},"elements":[{"id":"717e7dfe","settings":{"_column_size":50,"_inline_size":null,"background_background":"classic","background_color":"#E3F6F5","border_radius":{"unit":"px","top":"5","right":"5","bottom":"5","left":"5","isLinked":true},"margin":{"unit":"px","top":"5","right":"5","bottom":"5","left":"5","isLinked":true},"padding":{"unit":"px","top":"20","right":"20","bottom":"20","left":"20","isLinked":true},"content_position":"center","align":"center","margin_mobile":{"unit":"px","top":"5","right":"5","bottom":"5","left":"5","isLinked":true},"padding_mobile":{"unit":"px","top":"20","right":"20","bottom":"20","left":"20","isLinked":true}},"elements":[{"id":"4d5c1850","settings":{"title":"Pertanyaan Yang Sering Ditanyakan","typography_typography":"custom","typography_font_family":"Poppins","title_color":"#272343","typography_font_size":{"unit":"px","size":18,"sizes":[]},"align_mobile":"center","typography_line_height_mobile":{"unit":"em","size":1.2,"sizes":[]}},"elements":[],"isInner":false,"widgetType":"heading","elType":"widget"},{"id":"9ab3ff3","settings":{"editor":"<p>Lorem ipsum dolor sit amet, consectetur adipisicing elit, sed do eiusmod tempor incididunt ut labore et dolore magna aliqua. Ut enim ad minim veniam, quis nostrud exercitation ullamco laboris nisi ut aliquip ex ea commodo consequat.<\/p>","typography_typography":"custom","typography_font_family":"Roboto","text_color":"#54595F","typography_font_size":{"unit":"px","size":14,"sizes":[]},"typography_font_weight":"normal","align_mobile":"center"},"elements":[],"isInner":false,"widgetType":"text-editor","elType":"widget"}],"isInner":true,"elType":"column"},{"id":"581a96e2","settings":{"_column_size":50,"_inline_size":null,"background_background":"classic","background_color":"#E3F6F5","border_radius":{"unit":"px","top":"5","right":"5","bottom":"5","left":"5","isLinked":true},"margin":{"unit":"px","top":"5","right":"5","bottom":"5","left":"5","isLinked":true},"padding":{"unit":"px","top":"20","right":"20","bottom":"20","left":"20","isLinked":true},"content_position":"center","align":"center","margin_mobile":{"unit":"px","top":"5","right":"5","bottom":"5","left":"5","isLinked":true},"padding_mobile":{"unit":"px","top":"20","right":"20","bottom":"20","left":"20","isLinked":true}},"elements":[{"id":"397e2ddf","settings":{"title":"Pertanyaan Yang Sering Ditanyakan","typography_typography":"custom","typography_font_family":"Poppins","title_color":"#272343","typography_font_size":{"unit":"px","size":18,"sizes":[]},"align_mobile":"center","typography_line_height_mobile":{"unit":"em","size":1.2,"sizes":[]}},"elements":[],"isInner":false,"widgetType":"heading","elType":"widget"},{"id":"5a053034","settings":{"editor":"<p>Lorem ipsum dolor sit amet, consectetur adipisicing elit, sed do eiusmod tempor incididunt ut labore et dolore magna aliqua. Ut enim ad minim veniam, quis nostrud exercitation ullamco laboris nisi ut aliquip ex ea commodo consequat.<\/p>","typography_typography":"custom","typography_font_family":"Roboto","text_color":"#54595F","typography_font_size":{"unit":"px","size":14,"sizes":[]},"typography_font_weight":"normal","align_mobile":"center"},"elements":[],"isInner":false,"widgetType":"text-editor","elType":"widget"}],"isInner":true,"elType":"column"}],"isInner":true,"elType":"section"},{"id":"714f1d4e","settings":{"structure":"20","content_width":{"unit":"px","size":900,"sizes":[]}},"elements":[{"id":"4417674b","settings":{"_column_size":50,"_inline_size":null,"background_background":"classic","background_color":"#E3F6F5","border_radius":{"unit":"px","top":"5","right":"5","bottom":"5","left":"5","isLinked":true},"margin":{"unit":"px","top":"5","right":"5","bottom":"5","left":"5","isLinked":true},"padding":{"unit":"px","top":"20","right":"20","bottom":"20","left":"20","isLinked":true},"content_position":"center","align":"center","margin_mobile":{"unit":"px","top":"5","right":"5","bottom":"5","left":"5","isLinked":true},"padding_mobile":{"unit":"px","top":"20","right":"20","bottom":"20","left":"20","isLinked":true}},"elements":[{"id":"63fb6e66","settings":{"title":"Pertanyaan Yang Sering Ditanyakan","typography_typography":"custom","typography_font_family":"Poppins","title_color":"#272343","typography_font_size":{"unit":"px","size":18,"sizes":[]},"align_mobile":"center","typography_line_height_mobile":{"unit":"em","size":1.2,"sizes":[]}},"elements":[],"isInner":false,"widgetType":"heading","elType":"widget"},{"id":"6c574c36","settings":{"editor":"<p>Lorem ipsum dolor sit amet, consectetur adipisicing elit, sed do eiusmod tempor incididunt ut labore et dolore magna aliqua. Ut enim ad minim veniam, quis nostrud exercitation ullamco laboris nisi ut aliquip ex ea commodo consequat.<\/p>","typography_typography":"custom","typography_font_family":"Roboto","text_color":"#54595F","typography_font_size":{"unit":"px","size":14,"sizes":[]},"typography_font_weight":"normal","align_mobile":"center"},"elements":[],"isInner":false,"widgetType":"text-editor","elType":"widget"}],"isInner":true,"elType":"column"},{"id":"2b2efdb7","settings":{"_column_size":50,"_inline_size":null,"background_background":"classic","background_color":"#E3F6F5","border_radius":{"unit":"px","top":"5","right":"5","bottom":"5","left":"5","isLinked":true},"margin":{"unit":"px","top":"5","right":"5","bottom":"5","left":"5","isLinked":true},"padding":{"unit":"px","top":"20","right":"20","bottom":"20","left":"20","isLinked":true},"content_position":"center","align":"center","margin_mobile":{"unit":"px","top":"5","right":"5","bottom":"5","left":"5","isLinked":true},"padding_mobile":{"unit":"px","top":"20","right":"20","bottom":"20","left":"20","isLinked":true}},"elements":[{"id":"4f4d8316","settings":{"title":"Pertanyaan Yang Sering Ditanyakan","typography_typography":"custom","typography_font_family":"Poppins","title_color":"#272343","typography_font_size":{"unit":"px","size":18,"sizes":[]},"align_mobile":"center","typography_line_height_mobile":{"unit":"em","size":1.2,"sizes":[]}},"elements":[],"isInner":false,"widgetType":"heading","elType":"widget"},{"id":"635d30cd","settings":{"editor":"<p>Lorem ipsum dolor sit amet, consectetur adipisicing elit, sed do eiusmod tempor incididunt ut labore et dolore magna aliqua. Ut enim ad minim veniam, quis nostrud exercitation ullamco laboris nisi ut aliquip ex ea commodo consequat.<\/p>","typography_typography":"custom","typography_font_family":"Roboto","text_color":"#54595F","typography_font_size":{"unit":"px","size":14,"sizes":[]},"typography_font_weight":"normal","align_mobile":"center"},"elements":[],"isInner":false,"widgetType":"text-editor","elType":"widget"}],"isInner":true,"elType":"column"}],"isInner":true,"elType":"section"},{"id":"30f2dac3","settings":{"structure":"20","content_width":{"unit":"px","size":900,"sizes":[]}},"elements":[{"id":"14f53654","settings":{"_column_size":50,"_inline_size":null,"background_background":"classic","background_color":"#E3F6F5","border_radius":{"unit":"px","top":"5","right":"5","bottom":"5","left":"5","isLinked":true},"margin":{"unit":"px","top":"5","right":"5","bottom":"5","left":"5","isLinked":true},"padding":{"unit":"px","top":"20","right":"20","bottom":"20","left":"20","isLinked":true},"content_position":"center","align":"center","margin_mobile":{"unit":"px","top":"5","right":"5","bottom":"5","left":"5","isLinked":true},"padding_mobile":{"unit":"px","top":"20","right":"20","bottom":"20","left":"20","isLinked":true}},"elements":[{"id":"3ae698aa","settings":{"title":"Pertanyaan Yang Sering Ditanyakan","typography_typography":"custom","typography_font_family":"Poppins","title_color":"#272343","typography_font_size":{"unit":"px","size":18,"sizes":[]},"align_mobile":"center","typography_line_height_mobile":{"unit":"em","size":1.2,"sizes":[]}},"elements":[],"isInner":false,"widgetType":"heading","elType":"widget"},{"id":"4366c127","settings":{"editor":"<p>Lorem ipsum dolor sit amet, consectetur adipisicing elit, sed do eiusmod tempor incididunt ut labore et dolore magna aliqua. Ut enim ad minim veniam, quis nostrud exercitation ullamco laboris nisi ut aliquip ex ea commodo consequat.<\/p>","typography_typography":"custom","typography_font_family":"Roboto","text_color":"#54595F","typography_font_size":{"unit":"px","size":14,"sizes":[]},"typography_font_weight":"normal","align_mobile":"center"},"elements":[],"isInner":false,"widgetType":"text-editor","elType":"widget"}],"isInner":true,"elType":"column"},{"id":"52d0ffbc","settings":{"_column_size":50,"_inline_size":null,"background_background":"classic","background_color":"#E3F6F5","border_radius":{"unit":"px","top":"5","right":"5","bottom":"5","left":"5","isLinked":true},"margin":{"unit":"px","top":"5","right":"5","bottom":"5","left":"5","isLinked":true},"padding":{"unit":"px","top":"20","right":"20","bottom":"20","left":"20","isLinked":true},"content_position":"center","align":"center","margin_mobile":{"unit":"px","top":"5","right":"5","bottom":"5","left":"5","isLinked":true},"padding_mobile":{"unit":"px","top":"20","right":"20","bottom":"20","left":"20","isLinked":true}},"elements":[{"id":"68eec24c","settings":{"title":"Pertanyaan Yang Sering Ditanyakan","typography_typography":"custom","typography_font_family":"Poppins","title_color":"#272343","typography_font_size":{"unit":"px","size":18,"sizes":[]},"align_mobile":"center","typography_line_height_mobile":{"unit":"em","size":1.2,"sizes":[]}},"elements":[],"isInner":false,"widgetType":"heading","elType":"widget"},{"id":"401abbf1","settings":{"editor":"<p>Lorem ipsum dolor sit amet, consectetur adipisicing elit, sed do eiusmod tempor incididunt ut labore et dolore magna aliqua. Ut enim ad minim veniam, quis nostrud exercitation ullamco laboris nisi ut aliquip ex ea commodo consequat.<\/p>","typography_typography":"custom","typography_font_family":"Roboto","text_color":"#54595F","typography_font_size":{"unit":"px","size":14,"sizes":[]},"typography_font_weight":"normal","align_mobile":"center"},"elements":[],"isInner":false,"widgetType":"text-editor","elType":"widget"}],"isInner":true,"elType":"column"}],"isInner":true,"elType":"section"},{"id":"5844e1ab","settings":[],"elements":[],"isInner":false,"widgetType":"spacer","elType":"widget"}],"isInner":false,"elType":"column"}],"isInner":false,"elType":"section"},{"id":"6bddb6b8","settings":{"background_background":"classic","background_color":"#F9FCFB"},"elements":[{"id":"14273d90","settings":{"_column_size":100,"_inline_size":null},"elements":[{"id":"7d4e2832","settings":[],"elements":[],"isInner":false,"widgetType":"spacer","elType":"widget"},{"id":"1a531be7","settings":{"content_width":{"unit":"px","size":400,"sizes":[]},"content_position":"middle"},"elements":[{"id":"5a7f36a5","settings":{"_column_size":100,"_inline_size":null,"margin_mobile":{"unit":"px","top":"5","right":"5","bottom":"5","left":"5","isLinked":true},"padding_mobile":{"unit":"px","top":"5","right":"5","bottom":"5","left":"5","isLinked":true}},"elements":[{"id":"46d8108b","settings":{"image":{"id":"192","url":"https:\/\/elementor.landfoster.co\/wp-content\/uploads\/2020\/02\/Agus-Kristianto-Landfoster.jpg"},"align":"center","width":{"unit":"%","size":30,"sizes":[]},"space":{"unit":"%","size":30,"sizes":[]},"image_border_radius":{"unit":"px","top":"1000","right":"1000","bottom":"1000","left":"1000","isLinked":true},"image_size":"full","image_box_shadow_box_shadow_type":"yes","image_box_shadow_box_shadow":{"horizontal":0,"vertical":0,"blur":30,"spread":0,"color":"rgba(0, 0, 0, 0.3)"}},"elements":[],"isInner":false,"widgetType":"image","elType":"widget"},{"id":"5277fa63","settings":{"title":"Toko Online XYZ","align":"center","typography_typography":"custom","typography_font_family":"Poppins","typography_font_size":{"unit":"px","size":18,"sizes":[]},"title_color":"#272343","_margin":{"unit":"px","top":"0","right":"0","bottom":"-15","left":"0","isLinked":false}},"elements":[],"isInner":false,"widgetType":"heading","elType":"widget"},{"id":"681ac3ed","settings":{"editor":"<p>www.tokoonline.xyz<\/p>","align":"center","text_color":"#FCC169","typography_typography":"custom","typography_font_family":"Roboto","typography_font_size":{"unit":"px","size":14,"sizes":[]},"typography_font_weight":"400"},"elements":[],"isInner":false,"widgetType":"text-editor","elType":"widget"}],"isInner":true,"elType":"column"}],"isInner":true,"elType":"section"},{"id":"553fa9ab","settings":{"content_width":{"unit":"px","size":500,"sizes":[]}},"elements":[{"id":"29d1fbe8","settings":{"_column_size":100,"_inline_size":null},"elements":[{"id":"394f0f27","settings":{"text":"Beli Sekarang !","align":"center","size":"md","selected_icon":{"value":"fas fa-arrow-circle-right","library":"fa-solid"},"border_radius":{"unit":"px","top":"3","right":"3","bottom":"3","left":"3","isLinked":true},"text_padding":{"unit":"px","top":"20","right":"50","bottom":"20","left":"50","isLinked":false},"link":{"url":"","is_external":"","nofollow":""},"icon_indent":{"unit":"px","size":10,"sizes":[]},"typography_typography":"custom","typography_font_family":"Roboto","typography_font_size":{"unit":"px","size":16,"sizes":[]},"typography_font_weight":"bold","background_color":"#FCC169","button_box_shadow_box_shadow_type":"yes","button_box_shadow_box_shadow":{"horizontal":3,"vertical":3,"blur":0,"spread":1,"color":"#E3F6F5"},"align_mobile":"center","button_text_color":"#272343","typography_font_size_mobile":{"unit":"px","size":16,"sizes":[]},"_margin":{"unit":"px","top":"0","right":"0","bottom":"0","left":"0","isLinked":false}},"elements":[],"isInner":false,"widgetType":"button","elType":"widget"}],"isInner":true,"elType":"column"}],"isInner":true,"elType":"section"},{"id":"4664f845","settings":[],"elements":[],"isInner":false,"widgetType":"spacer","elType":"widget"},{"id":"346a82bd","settings":{"content_width":{"unit":"px","size":700,"sizes":[]}},"elements":[{"id":"57171a76","settings":{"_column_size":100,"_inline_size":null},"elements":[{"id":"c07c9d9","settings":{"width":{"unit":"%","size":80,"sizes":[]},"align":"center","look":"line_text","text":"DISCLAIMER","color":"#FCC169","gap":{"unit":"px","size":"","sizes":[]},"text_color":"#272343","typography_typography":"custom","typography_font_family":"Poppins","typography_font_size":{"unit":"px","size":20,"sizes":[]},"typography_font_weight":"bold","typography_line_height_mobile":{"unit":"em","size":1.2,"sizes":[]},"style":"dotted"},"elements":[],"isInner":false,"widgetType":"divider","elType":"widget"},{"id":"12b9252b","settings":{"editor":"<p>Lorem ipsum dolor sit amet, consectetur adipisicing elit, sed do eiusmod tempor incididunt ut labore et dolore magna aliqua. Ut enim ad minim veniam, quis nostrud exercitation ullamco laboris nisi ut aliquip ex ea commodo consequat. Duis aute irure dolor in reprehenderit in voluptate velit esse cillum dolore eu fugiat nulla pariatur. Excepteur sint occaecat cupidatat non proident, sunt in culpa qui officia deserunt mollit anim id est laborum<\/p>","align":"center","typography_typography":"custom","typography_font_family":"Roboto","typography_font_size":{"unit":"px","size":12,"sizes":[]},"typography_font_weight":"normal","align_mobile":"center"},"elements":[],"isInner":false,"widgetType":"text-editor","elType":"widget"}],"isInner":true,"elType":"column"}],"isInner":true,"elType":"section"},{"id":"236d823b","settings":[],"elements":[],"isInner":false,"widgetType":"spacer","elType":"widget"}],"isInner":false,"elType":"column"}],"isInner":false,"elType":"section"}]}